Datum,text
2017-01-19 18:20:00,19:20 okres Košice III - prebieha policajná kontrola
2017-01-19 17:54:48,18:54 okres Košice IV - prebieha policajná kontrola
2017-01-19 17:11:35,"18:11 Železničná, Krakovany - nehoda, nehoda vozidla hromadnej dopravy"
2017-01-19 16:47:47,"17:47 Breziny, okres Zvolen - nehoda"
2017-01-19 16:38:57,"17:38 Šarišský Štiavnik 67, Šarišský Štiavnik - prekážka - pokazené vozidlo"
2017-01-19 16:09:42,"17:09 Ondrej nad Hronom 801, Ondrej nad Hronom, Brusno - nehoda nákladného vozidla"
2017-01-19 15:38:19,"16:38 Slanecká, Košice - nehoda"
2017-01-19 15:06:49,16:06 okres Partizánske - prebieha policajná kontrola
2017-01-19 15:00:16,"16:00 Radošovce, okres Trnava - prebieha policajná kontrola"
2017-01-19 14:59:13,"15:59 Banské, okres Vranov nad Topľou - jazdite mimoriadne opatrne"
2017-01-19 14:38:38,"15:38 Slanecká, Košice - nehoda"
2017-01-19 14:36:11,"15:36 Nitrica, okres Prievidza - nehoda, nehoda nákladného vozidla"
2017-01-19 14:06:56,"15:06 Piešťanská, Nové Mesto nad Váhom - nehoda, nehoda - zrážka najmenej dvoch vozidiel"
2017-01-19 14:02:45,"15:02 Železničná, Krakovany - nehoda, nehoda vozidla hromadnej dopravy, nehoda - zrážka najmenej dvoch vozidiel"
2017-01-19 13:56:04,"14:56 Od  Bratislava-Čunovo, okres Bratislava V, do  Závod, okres Malacky - prebieha policajná kontrola"
2017-01-19 13:44:22,14:44 okres Bánovce nad Bebravou - prebieha policajná kontrola
2017-01-19 13:39:52,14:39 okres Nové Zámky - prebieha policajná kontrola
2017-01-19 13:29:32,14:29 okres Považská Bystrica - prebieha policajná kontrola
2017-01-19 13:14:42,"14:14 Štúrova 820/44B, Senec - nehoda, nehoda - zrážka najmenej dvoch vozidiel, hromadná nehoda"
2017-01-19 13:09:39,"14:09 Sereďská 287, Šoporňa - nehoda"
2017-01-19 12:58:06,"13:58 Kľačany 292, Kľačany - prebieha policajná kontrola"
2017-01-19 12:56:57,"13:56 Bajč, okres Komárno - prebieha policajná kontrola"
2017-01-19 12:45:39,"13:45 Námestie slobody 68/68, Sabinov - prebieha policajná kontrola"
2017-01-19 11:18:41,"12:18 Komárňanská cesta 203/101, Dolný Štál - prebieha strihanie kríkov alebo stromov"
2017-01-19 10:34:11,"11:34 Bidovce, okres Košice - okolie - nehoda"
2017-01-19 10:30:12,"11:30 Janov 53, Janov - prebieha policajná kontrola"
2017-01-19 10:28:50,"11:28 Sv. Anny, Podolínec - prebieha policajná kontrola"
2017-01-19 10:27:09,"11:27 Jánošíkova 1107/120, Lipany - prebieha policajná kontrola"
2017-01-19 10:05:00,"11:05 Od  Považská Bystrica, do  Milochov 12, Milochov, Považská Bystrica - prebiehajú stavebné práce"
2017-01-19 09:46:46,"10:46 Od  Vrútky, okres Martin, do  Strečno, okres Žilina - prebieha obnova povrchu vozovky"
2017-01-19 09:42:15,"10:42 Od  Ľavobrežná, Žilina, do  Ľavobrežná, Žilina - prebieha obnova povrchu vozovky"
2017-01-19 09:41:42,"10:41 Od  Čremošné 98, Čremošné, do  Harmanecká cesta, Banská Bystrica - nehoda - skrížená jazdná súprava"
2017-01-19 09:29:14,"10:29 Dlhá nad Váhom 176, Dlhá nad Váhom - prebieha policajná kontrola"
2017-01-19 09:27:25,"10:27 Novozámocká 182/102, Bohatá, Hurbanovo - prebieha policajná kontrola"
2017-01-19 09:14:10,"10:14 Aleja slobody 1870/2, Dolný Kubín - prebieha policajná kontrola"
2017-01-19 09:04:50,"10:04 Od  Sládkovičova 285, Tisovec, do  Hlavná, Pohronská Polhora - použite protišmykové reťaze"
2017-01-19 08:43:39,"09:43 Od  Hlavná 104/6, Kapušany, do  Hlavná 327/41, Vyšné Raslavice, Raslavice - prebieha policajná kontrola"
2017-01-19 08:26:30,"09:26 Od  Levoča, do  Svinia, okres Prešov - prebiehajú bližšie neurčené práce na ceste"
2017-01-19 07:24:34,"08:24 Ždiar, okres Poprad - prebieha policajná kontrola"
2017-01-19 06:52:25,"07:52 572: Ráztočná, Bratislava - Vrakuňa - pomalá premávka"
2017-01-19 05:44:02,"06:44 Od  Párnica 252, Párnica, do  Zázrivá Stred 24, Zázrivá - Stred, Zázrivá - poľadovica"
2017-01-19 05:33:47,"06:33 Od  Príbovce, okres Martin, do  Kollárova 9808/85B, Jahodníky, Martin - prebieha policajná kontrola"
2017-01-19 05:33:34,"06:33 Od  Dolný Hričov, okres Žilina, do  Beluša, okres Púchov - prebieha policajná kontrola"
2017-01-19 05:32:31,"06:32 Od  Liptovský Mikuláš, do  Výroška, Liptovský Hrádok - prebieha policajná kontrola"
2017-01-19 05:31:01,"06:31 Korytnická, Biely Potok, Ružomberok - prebieha policajná kontrola"
2017-01-19 05:30:36,"06:30 Od  Námestie slobody 84/7, Čadca, do  Svrčinovec 199, Svrčinovec - prebieha policajná kontrola"
2017-01-19 05:29:29,"06:29 Od  Demänovská cesta 865/76, Liptovský Mikuláš, do  Demänovská Dolina, okres Liptovský Mikuláš - prebieha policajná kontrola"
2017-01-19 05:29:26,"06:29 Od  Žilina, do  Strečno, okres Žilina - prebieha policajná kontrola"
2017-01-19 05:13:03,"06:13 Levice, Nitriansky - nepriaznivé počasie - extrémne mrazy"
2017-01-19 05:12:59,"06:12 Žilina, Žilinský - nepriaznivé počasie - extrémne mrazy"
2017-01-19 05:12:13,"06:12 Rimavská Sobota, Banskobystrický - nepriaznivé počasie - extrémne mrazy"
2017-01-19 05:11:51,"06:11 Trenčín, Trenčiansky - nepriaznivé počasie - extrémne mrazy"
2017-01-19 05:11:43,"06:11 Martin, Žilinský - nepriaznivé počasie - extrémne mrazy"
2017-01-19 05:11:35,"06:11 Banská Bystrica, Banskobystrický - nepriaznivé počasie - extrémne mrazy"
2017-01-19 05:11:35,"06:11 Nitra, Nitriansky - nepriaznivé počasie - extrémne mrazy"
2017-01-19 05:11:34,"06:11 Liptovský Mikuláš, Žilinský - nepriaznivé počasie - extrémne mrazy"
2017-01-19 05:11:29,"06:11 Nové Mesto nad Váhom, Trenčiansky - nepriaznivé počasie - extrémne mrazy"
2017-01-19 05:11:17,"06:11 Veľký Krtíš, Banskobystrický - nepriaznivé počasie - extrémne mrazy"
2017-01-19 05:11:13,"06:11 Myjava, Trenčiansky - nepriaznivé počasie - extrémne mrazy"
2017-01-19 05:11:06,"06:11 Ružomberok, Žilinský - nepriaznivé počasie - extrémne mrazy"
2017-01-19 05:11:04,"06:11 Prievidza, Trenčiansky - nepriaznivé počasie - extrémne mrazy"
2017-01-19 05:11:04,"06:11 Žiar nad Hronom, Banskobystrický - nepriaznivé počasie - extrémne mrazy"
2017-01-19 05:11:02,"06:11 Zvolen, Banskobystrický - nepriaznivé počasie - extrémne mrazy"
2017-01-19 05:11:00,"06:11 Spišská Nová Ves, Košický - nepriaznivé počasie - extrémne mrazy"
2017-01-19 05:10:53,"06:10 Gelnica, Košický - nepriaznivé počasie - extrémne mrazy"
2017-01-19 05:10:52,"06:10 Tvrdošín, Žilinský - nepriaznivé počasie - extrémne mrazy"
2017-01-19 05:10:47,"06:10 Zlaté Moravce, Nitriansky - nepriaznivé počasie - extrémne mrazy"
2017-01-19 05:10:40,"06:10 Čadca, Žilinský - nepriaznivé počasie - extrémne mrazy"
2017-01-19 05:10:32,"06:10 Poprad, Prešovský - nepriaznivé počasie - extrémne mrazy"
2017-01-19 05:10:32,"06:10 Rožňava, Košický - nepriaznivé počasie - extrémne mrazy"
2017-01-19 05:10:25,"06:10 Stará Ľubovňa, Prešovský - nepriaznivé počasie - extrémne mrazy"
2017-01-19 05:10:23,"06:10 Krupina, Banskobystrický - nepriaznivé počasie - extrémne mrazy"
2017-01-19 05:10:23,"06:10 Bytča, Žilinský - nepriaznivé počasie - extrémne mrazy"
2017-01-19 05:10:23,"06:10 Púchov, Trenčiansky - nepriaznivé počasie - extrémne mrazy"
2017-01-19 05:10:22,"06:10 Lučenec, Banskobystrický - nepriaznivé počasie - extrémne mrazy"
2017-01-19 05:10:19,"06:10 Partizánske, Trenčiansky - nepriaznivé počasie - extrémne mrazy"
2017-01-19 05:10:18,"06:10 Bardejov, Prešovský - nepriaznivé počasie - extrémne mrazy"
2017-01-19 05:10:18,"06:10 Dolný Kubín, Žilinský - nepriaznivé počasie - extrémne mrazy"
2017-01-19 05:10:18,"06:10 Žarnovica, Banskobystrický - nepriaznivé počasie - extrémne mrazy"
2017-01-19 05:10:16,"06:10 Ilava, Trenčiansky - nepriaznivé počasie - extrémne mrazy"
2017-01-19 05:10:15,"06:10 Piešťany, Trnavský - nepriaznivé počasie - extrémne mrazy"
2017-01-19 05:10:13,"06:10 Bánovce nad Bebravou, Trenčiansky - nepriaznivé počasie - extrémne mrazy"
2017-01-19 05:10:12,"06:10 Námestovo, Žilinský - nepriaznivé počasie - extrémne mrazy"
2017-01-19 05:10:12,"06:10 Brezno, Banskobystrický - nepriaznivé počasie - extrémne mrazy"
2017-01-19 05:10:06,"06:10 Kysucké Nové Mesto, Žilinský - nepriaznivé počasie - extrémne mrazy"
2017-01-19 05:10:06,"06:10 Topoľčany, Nitriansky - nepriaznivé počasie - extrémne mrazy"
2017-01-19 05:10:05,"06:10 Turčianske Teplice, Žilinský - nepriaznivé počasie - extrémne mrazy"
2017-01-19 05:10:04,"06:10 Sabinov, Prešovský - nepriaznivé počasie - extrémne mrazy"
2017-01-19 05:10:03,"06:10 Banská Štiavnica, Banskobystrický - nepriaznivé počasie - extrémne mrazy"
2017-01-19 05:09:58,"06:09 Poltár, Banskobystrický - nepriaznivé počasie - extrémne mrazy"
2017-01-19 05:09:51,"06:09 Detva, Banskobystrický - nepriaznivé počasie - extrémne mrazy"
2017-01-19 05:09:37,"06:09 Považská Bystrica, Trenčiansky - nepriaznivé počasie - extrémne mrazy"
2017-01-19 05:09:32,"06:09 Kežmarok, Prešovský - nepriaznivé počasie - extrémne mrazy"
2017-01-19 05:09:32,"06:09 Levoča, Prešovský - nepriaznivé počasie - extrémne mrazy"
2017-01-19 05:09:32,"06:09 Revúca, Banskobystrický - nepriaznivé počasie - extrémne mrazy"
2017-01-19 04:13:40,"05:13 Tatranská cesta I, Ružomberok - prebieha policajná kontrola"
2017-01-19 04:12:05,"05:12 Egrešská 5/143, Čeľovce, Trebišov, Košický - prebieha bližšie neurčené práce na ceste"
2017-01-19 04:12:05,"05:12 554, Košarovce, Humenné, Prešovský - medzi Košarovcami a Nižnou Sitnicou v okrese Humenné prejdete po prepade cesty na krátkom úse..."
2017-01-19 04:12:04,"05:12 Sielnica 1, Sielnica, Zvolen, Banskobystrický - na R1-tke zo Zvolena do Banskej Bystrice je na križovatke Sliač pre opravu uzavret..."
2017-01-19 04:12:04,"05:12 Továrenská 18/316, Košice-Staré Mesto, Košice I, Košický - prebieha bližšie neurčené práce na ceste"
2017-01-19 04:10:59,"05:10 Levice, Nitriansky - nepriaznivé počasie - extrémne mrazy"
2017-01-19 04:10:43,"05:10 Nitra, Nitriansky - nepriaznivé počasie - extrémne mrazy"
2017-01-19 04:10:28,"05:10 Rimavská Sobota, Banskobystrický - nepriaznivé počasie - extrémne mrazy"
2017-01-19 04:10:05,"05:10 Žilina, Žilinský - nepriaznivé počasie - extrémne mrazy"
2017-01-19 04:09:50,"05:09 Myjava, Trenčiansky - nepriaznivé počasie - extrémne mrazy"
2017-01-19 04:09:41,"05:09 Prievidza, Trenčiansky - nepriaznivé počasie - extrémne mrazy"
2017-01-19 04:09:36,"05:09 Lučenec, Banskobystrický - nepriaznivé počasie - extrémne mrazy"
2017-01-19 04:09:36,"05:09 Veľký Krtíš, Banskobystrický - nepriaznivé počasie - extrémne mrazy"
2017-01-19 04:09:35,"05:09 Trenčín, Trenčiansky - nepriaznivé počasie - extrémne mrazy"
2017-01-19 04:09:31,"05:09 Liptovský Mikuláš, Žilinský - nepriaznivé počasie - extrémne mrazy"
2017-01-19 04:09:24,"05:09 Martin, Žilinský - nepriaznivé počasie - extrémne mrazy"
2017-01-19 04:09:15,"05:09 Banská Bystrica, Banskobystrický - nepriaznivé počasie - extrémne mrazy"
2017-01-19 04:09:14,"05:09 Poprad, Prešovský - nepriaznivé počasie - extrémne mrazy"
2017-01-19 04:09:12,"05:09 Rožňava, Košický - nepriaznivé počasie - extrémne mrazy"
2017-01-19 04:09:02,"05:09 Spišská Nová Ves, Košický - nepriaznivé počasie - extrémne mrazy"
2017-01-19 04:08:56,"05:08 Bytča, Žilinský - nepriaznivé počasie - extrémne mrazy"
2017-01-19 04:08:56,"05:08 Nové Mesto nad Váhom, Trenčiansky - nepriaznivé počasie - extrémne mrazy"
2017-01-19 04:08:56,"05:08 Žiar nad Hronom, Banskobystrický - nepriaznivé počasie - extrémne mrazy"
2017-01-19 04:08:56,"05:08 Gelnica, Košický - nepriaznivé počasie - extrémne mrazy"
2017-01-19 04:08:53,"05:08 Bardejov, Prešovský - nepriaznivé počasie - extrémne mrazy"
2017-01-19 04:08:53,"05:08 Brezno, Banskobystrický - nepriaznivé počasie - extrémne mrazy"
2017-01-19 04:08:52,"05:08 Zvolen, Banskobystrický - nepriaznivé počasie - extrémne mrazy"
2017-01-19 04:08:50,"05:08 Považská Bystrica, Trenčiansky - nepriaznivé počasie - extrémne mrazy"
2017-01-19 04:08:49,"05:08 Piešťany, Trnavský - nepriaznivé počasie - extrémne mrazy"
2017-01-19 04:08:48,"05:08 Ružomberok, Žilinský - nepriaznivé počasie - extrémne mrazy"
2017-01-19 04:08:48,"05:08 Čadca, Žilinský - nepriaznivé počasie - extrémne mrazy"
2017-01-19 04:08:45,"05:08 Sabinov, Prešovský - nepriaznivé počasie - extrémne mrazy"
2017-01-19 04:08:45,"05:08 Zlaté Moravce, Nitriansky - nepriaznivé počasie - extrémne mrazy"
2017-01-19 04:08:42,"05:08 Partizánske, Trenčiansky - nepriaznivé počasie - extrémne mrazy"
2017-01-19 04:08:41,"05:08 Námestovo, Žilinský - nepriaznivé počasie - extrémne mrazy"
2017-01-19 04:08:36,"05:08 Krupina, Banskobystrický - nepriaznivé počasie - extrémne mrazy"
2017-01-19 04:08:26,"05:08 Púchov, Trenčiansky - nepriaznivé počasie - extrémne mrazy"
2017-01-19 04:08:22,"05:08 Stará Ľubovňa, Prešovský - nepriaznivé počasie - extrémne mrazy"
2017-01-19 04:08:21,"05:08 Dolný Kubín, Žilinský - nepriaznivé počasie - extrémne mrazy"
2017-01-19 04:08:21,"05:08 Topoľčany, Nitriansky - nepriaznivé počasie - extrémne mrazy"
2017-01-19 04:08:21,"05:08 Bánovce nad Bebravou, Trenčiansky - nepriaznivé počasie - extrémne mrazy"
2017-01-19 04:08:21,"05:08 Tvrdošín, Žilinský - nepriaznivé počasie - extrémne mrazy"
2017-01-19 04:08:18,"05:08 Žarnovica, Banskobystrický - nepriaznivé počasie - extrémne mrazy"
2017-01-19 04:08:18,"05:08 Ilava, Trenčiansky - nepriaznivé počasie - extrémne mrazy"
2017-01-19 04:08:17,"05:08 Kysucké Nové Mesto, Žilinský - nepriaznivé počasie - extrémne mrazy"
2017-01-19 04:08:16,"05:08 Banská Štiavnica, Banskobystrický - nepriaznivé počasie - extrémne mrazy"
2017-01-19 04:08:14,"05:08 Turčianske Teplice, Žilinský - nepriaznivé počasie - extrémne mrazy"
2017-01-19 04:08:14,"05:08 Poltár, Banskobystrický - nepriaznivé počasie - extrémne mrazy"
2017-01-19 04:08:14,"05:08 Revúca, Banskobystrický - nepriaznivé počasie - extrémne mrazy"
2017-01-19 04:07:57,"05:07 Detva, Banskobystrický - nepriaznivé počasie - extrémne mrazy"
2017-01-19 04:07:49,"05:07 Levoča, Prešovský - nepriaznivé počasie - extrémne mrazy"
2017-01-19 04:07:48,"05:07 Kežmarok, Prešovský - nepriaznivé počasie - extrémne mrazy"
2017-01-19 04:06:18,"05:06 Od  Kraľovany, okres Dolný Kubín, do  Ratkovo, okres Martin - zasnežená vozovka"
2017-01-19 04:04:11,"05:04 Čremošné, okres Turčianske Teplice - nehoda, nehoda nákladného vozidla"
2017-01-18 22:40:05,"23:40 Čremošné, okres Turčianske Teplice - nehoda - skrížená jazdná súprava"
2017-01-18 22:21:41,"23:21 Levice, Nitriansky - nepriaznivé počasie - extrémne mrazy"
2017-01-18 22:20:38,"23:20 Žilina, Žilinský - nepriaznivé počasie - extrémne mrazy"
2017-01-18 22:20:06,"23:20 Rimavská Sobota, Banskobystrický - nepriaznivé počasie - extrémne mrazy"
2017-01-18 22:20:05,"23:20 Nitra, Nitriansky - nepriaznivé počasie - extrémne mrazy"
2017-01-18 22:19:31,"23:19 Banská Bystrica, Banskobystrický - nepriaznivé počasie - extrémne mrazy"
2017-01-18 22:19:14,"23:19 Martin, Žilinský - nepriaznivé počasie - extrémne mrazy"
2017-01-18 22:19:08,"23:19 Žiar nad Hronom, Banskobystrický - nepriaznivé počasie - extrémne mrazy"
2017-01-18 22:19:07,"23:19 Lučenec, Banskobystrický - nepriaznivé počasie - extrémne mrazy"
2017-01-18 22:18:56,"23:18 Čadca, Žilinský - nepriaznivé počasie - extrémne mrazy"
2017-01-18 22:18:56,"23:18 Trenčín, Trenčiansky - nepriaznivé počasie - extrémne mrazy"
2017-01-18 22:18:52,"23:18 Zvolen, Banskobystrický - nepriaznivé počasie - extrémne mrazy"
2017-01-18 22:18:52,"23:18 Myjava, Trenčiansky - nepriaznivé počasie - extrémne mrazy"
2017-01-18 22:18:48,"23:18 Liptovský Mikuláš, Žilinský - nepriaznivé počasie - extrémne mrazy"
2017-01-18 22:18:42,"23:18 Zlaté Moravce, Nitriansky - nepriaznivé počasie - extrémne mrazy"
2017-01-18 22:18:41,"23:18 Prievidza, Trenčiansky - nepriaznivé počasie - extrémne mrazy"
2017-01-18 22:18:39,"23:18 Ružomberok, Žilinský - nepriaznivé počasie - extrémne mrazy"
2017-01-18 22:18:32,"23:18 Veľký Krtíš, Banskobystrický - nepriaznivé počasie - extrémne mrazy"
2017-01-18 22:18:28,"23:18 Púchov, Trenčiansky - nepriaznivé počasie - extrémne mrazy"
2017-01-18 22:18:27,"23:18 Spišská Nová Ves, Košický - nepriaznivé počasie - extrémne mrazy"
2017-01-18 22:18:24,"23:18 Bardejov, Prešovský - nepriaznivé počasie - extrémne mrazy"
2017-01-18 22:18:22,"23:18 Nové Mesto nad Váhom, Trenčiansky - nepriaznivé počasie - extrémne mrazy"
2017-01-18 22:18:20,"23:18 Poprad, Prešovský - nepriaznivé počasie - extrémne mrazy"
2017-01-18 22:18:19,"23:18 Tvrdošín, Žilinský - nepriaznivé počasie - extrémne mrazy"
2017-01-18 22:18:19,"23:18 Gelnica, Košický - nepriaznivé počasie - extrémne mrazy"
2017-01-18 22:18:08,"23:18 Námestovo, Žilinský - nepriaznivé počasie - extrémne mrazy"
2017-01-18 22:18:06,"23:18 Žarnovica, Banskobystrický - nepriaznivé počasie - extrémne mrazy"
2017-01-18 22:18:03,"23:18 Ilava, Trenčiansky - nepriaznivé počasie - extrémne mrazy"
2017-01-18 22:18:02,"23:18 Stará Ľubovňa, Prešovský - nepriaznivé počasie - extrémne mrazy"
2017-01-18 22:17:57,"23:17 Partizánske, Trenčiansky - nepriaznivé počasie - extrémne mrazy"
2017-01-18 22:17:56,"23:17 Brezno, Banskobystrický - nepriaznivé počasie - extrémne mrazy"
2017-01-18 22:17:56,"23:17 Bytča, Žilinský - nepriaznivé počasie - extrémne mrazy"
2017-01-18 22:17:56,"23:17 Považská Bystrica, Trenčiansky - nepriaznivé počasie - extrémne mrazy"
2017-01-18 22:17:56,"23:17 Krupina, Banskobystrický - nepriaznivé počasie - extrémne mrazy"
2017-01-18 22:17:53,"23:17 Rožňava, Košický - nepriaznivé počasie - extrémne mrazy"
2017-01-18 22:17:51,"23:17 Turčianske Teplice, Žilinský - nepriaznivé počasie - extrémne mrazy"
2017-01-18 22:17:51,"23:17 Piešťany, Trnavský - nepriaznivé počasie - extrémne mrazy"
2017-01-18 22:17:51,"23:17 Sabinov, Prešovský - nepriaznivé počasie - extrémne mrazy"
2017-01-18 22:17:51,"23:17 Bánovce nad Bebravou, Trenčiansky - nepriaznivé počasie - extrémne mrazy"
2017-01-18 22:17:49,"23:17 Topoľčany, Nitriansky - nepriaznivé počasie - extrémne mrazy"
2017-01-18 22:17:39,"23:17 Banská Štiavnica, Banskobystrický - nepriaznivé počasie - extrémne mrazy"
2017-01-18 22:17:39,"23:17 Kysucké Nové Mesto, Žilinský - nepriaznivé počasie - extrémne mrazy"
2017-01-18 22:17:39,"23:17 Detva, Banskobystrický - nepriaznivé počasie - extrémne mrazy"
2017-01-18 22:17:36,"23:17 Dolný Kubín, Žilinský - nepriaznivé počasie - extrémne mrazy"
2017-01-18 22:17:33,"23:17 Kežmarok, Prešovský - nepriaznivé počasie - extrémne mrazy"
2017-01-18 22:17:32,"23:17 Poltár, Banskobystrický - nepriaznivé počasie - extrémne mrazy"
2017-01-18 22:17:29,"23:17 Levoča, Prešovský - nepriaznivé počasie - extrémne mrazy"
2017-01-18 22:17:19,"23:17 Revúca, Banskobystrický - nepriaznivé počasie - extrémne mrazy"
2017-01-18 22:03:46,"23:03 Košice-Lorinčík, okres Košice II - nehoda"
2017-01-18 21:57:10,"22:57 Košice-Lorinčík, okres Košice II - nehoda"
2017-01-18 20:45:25,"21:45 Od  Žabokreky, okres Martin, do  Žabokreky, okres Martin - komunikácia uzatvorená"
2017-01-18 20:42:05,"21:42 Žabokreky, okres Martin - spadnuté elektrické vedenie"
2017-01-18 19:49:11,"20:49 Ubľa, okres Snina - spomalená premávka"
2017-01-18 18:46:37,"19:46 Pohranice, okres Nitra - prekážka - opustené vozidlo"
2017-01-18 18:12:01,"19:12 Ubľa, okres Snina - spomalená premávka"
2017-01-18 18:11:30,"19:11 Ubľa, okres Snina - spomalená premávka"
2017-01-18 18:09:53,"19:09 Kriváň, okres Detva - prekážajúce vozidlo"
2017-01-18 18:07:31,"19:07 Nová, Tvrdošín - prebieha policajná kontrola"
2017-01-18 18:05:46,"19:05 Dargov, okres Trebišov - prekážajúce vozidlo"
2017-01-18 17:18:53,"18:18 Hlavná 415/155, Sečovská Polianka - zasnežená vozovka"
2017-01-18 17:06:24,"18:06 Račianska 1548/6, Nové Mesto, Bratislava - Nové Mesto - nehoda - zrážka najmenej dvoch vozidiel"
2017-01-18 17:04:58,"18:04 Od  Rudno nad Hronom 91, Rudno nad Hronom, do  Rudno nad Hronom 244, Rudno nad Hronom - utlačený sneh"
2017-01-18 16:11:16,"17:11 Turňa nad Bodvou, okres Košice - okolie - zasnežená vozovka"
2017-01-18 16:09:36,"17:09 Hlavná 443/84, Dlhé nad Cirochou - prekážajúce vozidlo"
2017-01-18 16:07:25,17:07 Nitra - prekážajúce vozidlo
2017-01-18 15:54:04,"16:54 Od  Bratislava-Petržalka, okres Bratislava V, do  Igram, okres Senec - prebieha policajná kontrola"
2017-01-18 15:51:53,"16:51 Vyšné Nemecké, okres Sobrance - spomalená premávka"
2017-01-18 15:31:02,"16:31 Nitrianska Blatnica 158, Nitrianska Blatnica - prebieha policajná kontrola"
2017-01-18 15:19:46,"16:19 SNP, Hlohovec - tvoria sa kolóny"
2017-01-18 15:12:56,"16:12 Dlhá 402/15, Nitrianske Pravno - nehoda"
2017-01-18 15:05:13,"16:05 Od  Prešov, do  Drienovská Nová Ves, okres Prešov - prebieha policajná kontrola"
2017-01-18 14:56:27,"15:56 Vyšné Nemecké, okres Sobrance - spomalená premávka"
2017-01-18 14:19:17,"15:19 Košická, Žilina - nehoda - zrážka najmenej dvoch vozidiel"
2017-01-18 14:17:16,"15:17 Šášovské Podhradie 120, Šášovské Podhradie, Žiar nad Hronom - prekážka - pokazené nákladné vozidlo"
2017-01-18 14:15:44,"15:15 Myslenická, Pezinok - nehoda"
2017-01-18 14:14:31,"15:14 Karloveská 407/3, Karlova Ves, Bratislava - Karlova Ves - nehoda"
2017-01-18 14:05:15,"15:05 Tunel Branisko, Korytné - prebieha policajná kontrola"
2017-01-18 14:02:33,"15:02 Rokytovce 46, Rokytovce - prebieha policajná kontrola"
2017-01-18 13:44:18,"14:44 Vyšnokubínska, Vyšný Kubín - prebieha policajná kontrola"
2017-01-18 13:42:22,"14:42 Arm. gen. Svobodu, Prešov - prebieha policajná kontrola"
2017-01-18 13:39:55,"14:39 Dolné Trhovište 45, Dolné Trhovište - prebieha policajná kontrola"
2017-01-18 13:33:19,"14:33 Bačkov, okres Trebišov - zasnežená vozovka"
2017-01-18 13:22:44,"14:22 Hlavná, Huncovce - nehoda"
2017-01-18 13:20:54,"14:20 Bretejovce 129, Bretejovce - prebieha policajná kontrola"
2017-01-18 13:19:28,"14:19 Cemjata, Prešov - prebieha policajná kontrola"
2017-01-18 13:12:43,"14:12 Od  Žilina, do  Kysucké Nové Mesto - prebieha policajná kontrola"
2017-01-18 12:52:46,"13:52 Vyšné Nemecké, okres Sobrance - spomalená premávka"
2017-01-18 12:44:56,"13:44 Boleráz, okres Trnava - prekážajúce vozidlo"
2017-01-18 12:41:49,"13:41 Jablonica, okres Senica - poľadovica"
2017-01-18 12:40:31,"13:40 Zamarovská 413, Zamarovce - prekážka - opustené vozidlo"
2017-01-18 12:40:09,13:40 Levoča - prebieha odstraňovanie snehu pluhmi
2017-01-18 12:31:17,"13:31 Od  Moravský Svätý Ján, okres Senica, do  Bratislava-Čunovo, okres Bratislava V - prebieha policajná kontrola"
2017-01-18 12:04:11,"13:04 Vyšné Nemecké, okres Sobrance - spomalená premávka"
2017-01-18 11:57:00,"12:56 Vyšné Nemecké, okres Sobrance - spomalená premávka"
2017-01-18 11:51:19,"12:51 Beharovce, okres Levoča - obmedzenie najvyššej dovolenej rýchlosti"
2017-01-18 11:42:41,"12:42 Beckov 179, Beckov - prebieha bližšie neurčená činnosť orgánov alebo úradov"
2017-01-18 11:40:29,"12:40 Lamačská cesta, Bratislava - prebieha bližšie neurčená činnosť orgánov alebo úradov"
2017-01-18 11:21:47,"12:21 Rajčany 149, Rajčany - prekážka - zvieratá na ceste"
2017-01-18 11:13:15,12:13 Šaľa - prebieha bližšie neurčená činnosť orgánov alebo úradov
2017-01-18 10:35:40,"11:35 Od  Novozámocká cesta, Komárno, do  Komárňanská 300/26, Hurbanovo - prebieha bližšie neurčená činnosť orgánov alebo úradov"
2017-01-18 10:34:44,"11:34 Vyšné Nemecké, okres Sobrance - spomalená premávka"
2017-01-18 10:12:23,"11:12 Harmanec 17, Harmanec - poškodený povrch vozovky"
2017-01-18 10:10:19,"11:10 Dolný Harmanec, okres Banská Bystrica - prekážka - opustené vozidlo"
2017-01-18 09:15:33,"10:15 Šarišské Michaľany, okres Sabinov - nehoda - zrážka najmenej dvoch vozidiel"
2017-01-18 09:11:33,"10:11 Svinica, okres Košice - okolie - nehoda - zrážka najmenej dvoch vozidiel"
2017-01-18 09:10:12,"10:10 Od  Sládkovičova 285, Tisovec, do  Hlavná, Pohronská Polhora - použite protišmykové reťaze"
2017-01-18 09:09:50,"10:09 Hlavná 69, Rovinka, Senec, Bratislavský - pomalá premávka"
2017-01-18 09:04:56,"10:04 Staré Hory, okres Banská Bystrica - prebieha bližšie neurčená činnosť orgánov alebo úradov"
2017-01-18 08:54:27,"09:54 Honce 127, Honce - nehoda - skrížená jazdná súprava"
2017-01-18 08:38:13,"09:38 Drevárska, Poprad - bližšie neurčená prekážka"
2017-01-18 08:36:41,"09:36 Od  Slovenské Pravno, okres Turčianske Teplice, do  Príbovce, okres Martin - čerstvý sneh, zasnežená vozovka"
2017-01-18 08:33:25,"09:33 Blatná na Ostrove, okres Dunajská Streda - prekážajúce vozidlo"
2017-01-18 08:21:23,09:21 okres Partizánske - prebieha policajná kontrola
2017-01-18 08:19:29,"09:19 Beharovce, okres Levoča - obmedzenie najvyššej dovolenej rýchlosti"
2017-01-18 08:06:55,"09:06 Novozámocká cesta 4695, Komárno - prebieha váženie vozidiel"
2017-01-18 08:03:05,09:03 Piešťany - prekážajúce vozidlo
2017-01-18 08:00:02,"09:00 Bystré, okres Vranov nad Topľou - prebieha bližšie neurčená činnosť orgánov alebo úradov"
2017-01-18 07:54:12,"08:54 Mníchova Lehota, okres Trenčín - prebieha váženie vozidiel"
2017-01-18 07:47:57,"08:47 Viničné, okres Pezinok - nehoda - zrážka najmenej dvoch vozidiel"
2017-01-18 07:45:42,"08:45 Stankovany, okres Ružomberok - nehoda - zrážka najmenej dvoch vozidiel"
2017-01-18 07:45:40,"08:45 Od  Dobšiná, okres Rožňava, do  Hrabušice, okres Spišská Nová Ves - komunikácia počas zimného obdobia uzatvorená"
2017-01-18 07:39:04,"08:39 Od  Krásnohorské Podhradie 710, Krásnohorské Podhradie, do  Úhorná, okres Gelnica - komunikácia počas zimného obdobia uzatvorená"
2017-01-18 07:31:47,"08:31 Haniska, okres Košice - okolie - nehoda - zrážka najmenej dvoch vozidiel"
2017-01-18 07:29:11,"08:29 Od  Egrešská 144/7, Čeľovce, do  Egreš 115, Egreš - premávka v jednom jazdnom pruhu so striedajúcim sa smerom jazdy"
2017-01-18 07:20:40,"08:20 Šarišské Michaľany, okres Sabinov - nehoda - zrážka najmenej dvoch vozidiel"
2017-01-18 07:17:34,08:17 okres Nové Zámky - prebieha policajná kontrola
2017-01-18 07:15:50,"08:15 Od  Vrbové, okres Piešťany, do  Krajné, okres Myjava - čerstvý sneh, zasnežená vozovka"
2017-01-18 07:12:36,"08:12 Hlavná, Parchovany - prebieha bližšie neurčená činnosť orgánov alebo úradov"
2017-01-18 07:09:05,"08:09 Jula Horvátha 48/909, Kremnica, Žiar nad Hronom, Banskobystrický - Kremnické Bane 71, Kremnické Bane, Žiar nad Hronom, Banskobystr..."
2017-01-18 07:01:52,"08:01 Od  Beckov, okres Nové Mesto nad Váhom, do  Piešťany - prebieha strihanie kríkov alebo stromov"
2017-01-18 06:51:58,"07:51 Od  Nitrianska 616, Dolné Lefantovce, do  Oponice 1, Oponice - čerstvý sneh, zasnežená vozovka"
2017-01-18 06:48:37,"07:48 Od  Nitrianska 616, Dolné Lefantovce, do  Oponice 1, Oponice - čerstvý sneh, zasnežená vozovka"
2017-01-18 06:42:13,07:42 okres Nitra - prebieha policajná kontrola
2017-01-18 06:39:28,"07:39 65, Žirany - prekážka na vozovke"
2017-01-18 06:18:26,"07:18 Od  A. Hlinku, Zvolen, do  A. Hlinku 8881/61, Zvolen - prerazené vodovodné potrubie"
2017-01-18 06:17:24,"07:17 Od  A. Hlinku 8881/61, Zvolen, do  A. Hlinku, Zvolen - prerazené vodovodné potrubie"
2017-01-18 06:16:39,"07:16 Košice-Dargovských hrdinov, okres Košice III - nehoda - zrážka najmenej dvoch vozidiel"
2017-01-18 06:12:59,"07:12 Od  Trnava, do  Senec - prebieha bližšie neurčená činnosť orgánov alebo úradov"
2017-01-18 06:12:59,"07:12 Turňa nad Bodvou, okres Košice - okolie - nehoda - zrážka najmenej dvoch vozidiel"
2017-01-18 06:06:15,07:06 okres Senec - prebieha policajná kontrola
2017-01-18 05:44:45,06:44 Vranov nad Topľou - nehoda autobusu
2017-01-18 05:34:26,"06:34 Pata, okres Galanta - prekážka - opustené vozidlo"
2017-01-18 05:34:08,"06:34 Od  Soľ, okres Vranov nad Topľou, do  Železničiarska, Hanušovce nad Topľou - zasnežená vozovka"
2017-01-18 05:32:15,"06:32 Od  Hrhov, okres Rožňava, do  Buzinská, Košice - zasnežená vozovka"
2017-01-18 05:26:20,"06:26 Od  Žilina, do  Kysucké Nové Mesto - prebieha policajná kontrola"
2017-01-18 05:25:01,"06:25 Od  Tatranská cesta I, Ružomberok, do  Ivachnová, okres Ružomberok - prebieha policajná kontrola"
2017-01-18 05:24:03,"06:24 Od  Radoľa, okres Kysucké Nové Mesto, do  Budatínska Lehota 262, Budatínska Lehota, Kysucké Nové Mesto - prebieha policajná kontrola"
2017-01-18 05:22:50,"06:22 Od  Košická, Žilina, do  Vrútky, okres Martin - prebieha policajná kontrola"
2017-01-18 05:22:47,"06:22 Od  Hlavná 1331/5A, Veľká Bytča, Bytča, do  Veľké Rovné, okres Bytča - prebieha policajná kontrola"
2017-01-18 04:58:49,"05:58 Od  Buzinská 4/2, Šaca, Košice - Šaca, do  Gemerská Panica, okres Rožňava - prebieha policajná kontrola"
2017-01-18 04:57:27,"05:57 Od  Gemerská Panica, okres Rožňava, do  Buzinská 4/2, Šaca, Košice - Šaca - prebieha policajná kontrola"
2017-01-18 04:48:34,"05:48 Od  Nová Polhora, okres Košice - okolie, do  Budimír, okres Košice - okolie - prebieha policajná kontrola"
2017-01-18 04:45:21,"05:45 Od  Budimír, okres Košice - okolie, do  Nová Polhora, okres Košice - okolie - prebieha policajná kontrola"
2017-01-18 04:43:47,"05:43 Od  Valaliky, okres Košice - okolie, do  Milhosť, okres Košice - okolie - prebieha policajná kontrola"
2017-01-18 04:42:24,"05:42 Od  Milhosť, okres Košice - okolie, do  Valaliky, okres Košice - okolie - prebieha policajná kontrola"
2017-01-18 04:37:57,05:37 okres Košice - okolie - prebieha policajná kontrola
2017-01-18 04:36:06,05:36 okres Košice IV - prebieha policajná kontrola
2017-01-18 04:35:34,05:35 okres Košice III - prebieha policajná kontrola
2017-01-18 04:34:56,05:34 okres Košice II - prebieha policajná kontrola
2017-01-18 04:34:25,05:34 okres Košice I - prebieha policajná kontrola
2017-01-18 04:32:33,05:32 okres Trebišov - prebieha policajná kontrola
2017-01-18 04:28:45,05:28 okres Sobrance - prebieha policajná kontrola
2017-01-18 04:27:48,05:27 okres Michalovce - prebieha policajná kontrola
2017-01-18 04:26:10,05:26 okres Trebišov - prebieha policajná kontrola
2017-01-18 04:18:11,"05:18 Vyšné Nemecké, okres Sobrance - spomalená premávka"
2017-01-18 04:15:49,"05:15 Vyšné Nemecké, okres Sobrance - spomalená premávka"
2017-01-18 04:01:25,"05:01 Čremošné, okres Turčianske Teplice - prekážajúce vozidlo"
2017-01-18 02:00:09,"03:00 Od  Turá Lúka 901, Turá Lúka, Myjava, do  Sobotište, okres Senica - čerstvý sneh, zasnežená vozovka"
2017-01-18 01:00:47,"02:00 Skačany, okres Partizánske - prekážka - stádo zvierat na ceste"
2017-01-18 00:49:34,"01:49 Strečno, okres Žilina - prekážka - vozidlo v ťažkostiach"
2017-01-17 23:01:16,"00:01 Kračúnovce 404, Kračúnovce - nehoda, nehoda nákladného vozidla"
2017-01-17 22:38:26,"23:38 Ďurďošík, okres Košice - okolie - nehoda"
2017-01-17 22:01:36,"23:01 Vyšné Nemecké, okres Sobrance - spomalená premávka"
2017-01-17 21:44:09,"22:44 Od  Dulova Ves 80, Dulova Ves, do  Zlatobanská 11626, Solivar, Prešov - čerstvý sneh, zasnežená vozovka"
2017-01-17 21:41:18,"22:41 Likavka, okres Ružomberok - nehoda, nehoda - zrážka so zvieraťom"
2017-01-17 20:52:33,"21:52 Červenej armády 171/54, Kalná, Kalná nad Hronom - prebieha policajná kontrola"
2017-01-17 20:27:19,"21:27 Vyšné Nemecké, okres Sobrance - spomalená premávka"
2017-01-17 20:13:28,"21:13 Vrbovská cesta 4538/159, Piešťany - nehoda"
2017-01-17 19:59:17,"20:59 Od  Tunel Bôrik, Mengusovce, do  Tunel Bôrik, Lučivná - obmedzenie najvyššej dovolenej rýchlosti"
2017-01-17 19:57:52,"20:57 Od  Tunel Bôrik, Mengusovce, do  Lučivná, okres Poprad - jazdný pás uzatvorený"
2017-01-17 19:52:52,"20:52 Od  Dvorníky-Včeláre, okres Košice - okolie, do  Čečejovce, okres Košice - okolie - zasnežená vozovka"
2017-01-17 19:39:49,"20:39 Budimír, okres Košice - okolie - nehoda"
2017-01-17 19:23:29,"20:23 Od  Abramová, okres Turčianske Teplice, do  Rudno, okres Turčianske Teplice - kašovitý sneh, snehové jazyky"
2017-01-17 19:14:34,"20:14 Od  Kuzmányho 184/51, Banská Bystrica, do  Kuzmányho 13525, Banská Bystrica - prebiehajú stavebné práce"
2017-01-17 19:08:21,"20:08 Od  Abrahámovce, okres Kežmarok, do  Poprad - obmedzenie najvyššej dovolenej rýchlosti"
2017-01-17 19:05:06,"20:05 Od  Poprad, do  Hôrka, okres Poprad - obmedzenie najvyššej dovolenej rýchlosti"
2017-01-17 18:56:25,"19:56 Od  Poprad, do  Abrahámovce, okres Kežmarok - obmedzenie najvyššej dovolenej rýchlosti"
2017-01-17 18:49:49,"19:49 Od  Abramová, okres Turčianske Teplice, do  Rudno, okres Turčianske Teplice - kašovitý sneh, snehové jazyky"
2017-01-17 18:45:50,"19:45 Od  Trebišov, do  Hlavná 54/10, Veľaty - miestami poľadovica, prachový sneh, klzká vozovka, snehové jazyky"
2017-01-17 18:40:37,"19:40 Orviská cesta, Piešťany - čerstvý sneh, zasnežená vozovka"
2017-01-17 18:24:45,19:24 okres Žilina - prebieha policajná kontrola
2017-01-17 18:22:46,"19:22 Drienovec, okres Košice - okolie - nehoda"
2017-01-17 18:19:15,"19:19 Ubľa, okres Snina - spomalená premávka"
2017-01-17 18:11:18,"19:11 Od  Dvorníky-Včeláre, okres Košice - okolie, do  Čečejovce, okres Košice - okolie - zasnežená vozovka"
2017-01-17 18:05:02,19:05 Poprad - nehoda
2017-01-17 17:53:02,"18:53 Od  Nejedlého, Bratislava, do  Nejedlého 3394/73, Dúbravka, Bratislava - Dúbravka - uzávierky jazdných pruhov"
2017-01-17 17:50:22,"18:50 Ostrov 391, Ostrov - čerstvý sneh, zasnežená vozovka"
2017-01-17 17:44:01,"18:44 Od  Nejedlého, Bratislava, do  Nejedlého 3394/73, Dúbravka, Bratislava - Dúbravka - uzávierky jazdných pruhov"
2017-01-17 17:38:41,"18:38 Michal na Ostrove 46, Michal na Ostrove - prebieha policajná kontrola"
2017-01-17 17:35:22,"18:35 Šteruská cesta, Vrbové - nehoda"
2017-01-17 17:31:10,"18:31 Od  Nejedlého, Bratislava, do  Nejedlého 3394/73, Dúbravka, Bratislava - Dúbravka - Čiastočná uzávierka v Bratislave na ulici Neje..."
2017-01-17 17:29:29,"18:29 Bošáca 358, Bošáca - čerstvý sneh, zasnežená vozovka"
2017-01-17 17:10:12,"18:10 Od  Hencovce, okres Vranov nad Topľou, do  Dlhá 151/132, Dlhé Klčovo - zasnežená vozovka"
2017-01-17 16:55:41,"17:55 Pozdišovce, okres Michalovce - nehoda, nehoda - zrážka najmenej dvoch vozidiel"
2017-01-17 16:39:33,"17:39 Ostrov 391, Ostrov - čerstvý sneh, zasnežená vozovka"
2017-01-17 16:37:58,"17:37 Bratislava-Záhorská Bystrica, okres Bratislava IV - nehoda"
2017-01-17 16:34:43,"17:34 Ostrov 391, Ostrov - čerstvý sneh, zasnežená vozovka"
2017-01-17 16:30:56,"17:30 Podbranč, okres Senica - čerstvý sneh, zasnežená vozovka"
2017-01-17 16:27:26,"17:27 Ubľa, okres Snina - spomalená premávka"
2017-01-17 16:27:20,"17:27 Sčasného 312/7, Dražovce, Nitra - prebieha policajná kontrola"
2017-01-17 16:24:10,"17:24 Borský Svätý Jur, okres Senica - prebieha policajná kontrola"
2017-01-17 16:14:32,"17:14 Od  Abramová, okres Turčianske Teplice, do  Rudno, okres Turčianske Teplice - kašovitý sneh, snehové jazyky"
2017-01-17 16:09:58,"17:09 Od  Príbovce, okres Martin, do  Červenej armády 980/67, Diviaky, Turčianske Teplice - riaďte sa osobitným značením vyznačujúcim ob..."
2017-01-17 16:05:43,"17:05 Od  Slovenské Pravno 41, Slovenské Pravno, do  Jasenovo, okres Turčianske Teplice - kašovitý sneh, snehové jazyky"
2017-01-17 15:49:17,"16:49 Od  Nejedlého, Bratislava, do  Nejedlého 3394/73, Dúbravka, Bratislava - Dúbravka - Čiastočná uzávierka v Bratislave na ulici Neje..."
2017-01-17 15:43:14,"16:43 Boleráz 193, Boleráz - prebieha policajná kontrola"
2017-01-17 15:40:40,"16:40 Balkánska, Rusovce, Bratislava - Rusovce - prebieha policajná kontrola"
2017-01-17 15:38:49,"16:38 Bojnická, Bratislava - nefunguje svetelná signalizácia"
2017-01-17 15:29:23,"16:29 Od  Drienovec, okres Košice - okolie, do  Moldavská cesta, Turňa nad Bodvou - zasnežená vozovka"
2017-01-17 15:26:43,"16:26 Drienovec, okres Košice - okolie - nehoda, nehoda - zrážka najmenej dvoch vozidiel"
2017-01-17 15:12:08,"16:12 Továrenská, Tlmače - prebieha policajná kontrola"
2017-01-17 15:09:18,"16:09 Novozámocká 91/168, Dolné Krškany, Nitra - nehoda"
2017-01-17 15:06:43,"16:06 Ostrov 391, Ostrov - čerstvý sneh, zasnežená vozovka"
2017-01-17 15:01:45,"16:01 Lopašov, okres Skalica - čerstvý sneh, zasnežená vozovka"
2017-01-17 14:36:43,"15:36 SNP 35/62, Smolenice - prebieha policajná kontrola"
2017-01-17 14:33:28,"15:33 Košice-Krásna, okres Košice IV - nehoda, nehoda - zrážka najmenej dvoch vozidiel"
2017-01-17 14:16:44,"15:16 Ivachnová 194, Ivachnová - prebieha policajná kontrola"
2017-01-17 14:15:10,"15:15 Oravský Podzámok 62, Oravský Podzámok - prebieha policajná kontrola"
2017-01-17 14:10:58,"15:10 Horné Orešany 10, Horné Orešany - prebieha policajná kontrola"
2017-01-17 14:09:29,15:09 okres Bratislava II - prebieha policajná kontrola
2017-01-17 14:09:26,"15:09 Chtelnica, okres Piešťany - zasnežená vozovka"
2017-01-17 14:05:53,"15:05 Od  Košice-Košická Nová Ves, okres Košice III, do  Byster 2, Byster, Sady nad Torysou - zasnežená vozovka"
2017-01-17 13:53:02,"14:53 Veľká Ves 53, Veľká Ves - prebieha policajná kontrola"
2017-01-17 13:51:22,"14:51 Ubľa 362, Ubľa - spomalená premávka"
2017-01-17 13:51:03,"14:51 Legionárska, Trenčín - prebieha policajná kontrola"
2017-01-17 13:46:55,14:46 Trenčín - prebieha policajná kontrola
2017-01-17 13:40:08,"14:40 Iža 693, Iža - prebieha policajná kontrola"
2017-01-17 13:38:25,"14:38 Abramová 61, Abramová - nehoda, nehoda nákladného vozidla"
2017-01-17 13:34:54,"14:34 Slovenská Ľupča, okres Banská Bystrica - prebieha policajná kontrola"
2017-01-17 13:31:45,"14:31 Matice slovenskej, Prievidza I. Staré Mesto, Prievidza - prebieha policajná kontrola"
2017-01-17 13:27:29,"14:27 Hlavná 55/107, Viničné - prebieha policajná kontrola"
2017-01-17 13:13:52,"14:13 Od  Pozdišovce, okres Michalovce, do  Močarianska 1459/19, Michalovce - zasnežená vozovka"
2017-01-17 12:49:59,"Mayová chce tvrdý brexit, úplné oddelenie Británie od EÚ https://t.co/MBP6B1hWuQ"
2017-01-17 12:19:59,Osem miliardárov si môže kúpiť polovicu ľudstva https://t.co/RfJnqdlERD
2017-01-17 12:17:21,"13:17 Mýtna, okres Lučenec - prekážka - pokazené vozidlo"
2017-01-17 12:15:11,"13:15 Trnavá Hora, okres Žiar nad Hronom - nehoda vozidla hromadnej dopravy"
2017-01-17 12:07:47,"13:07 Ubľa 362, Ubľa - spomalená premávka"
2017-01-17 11:37:15,"12:37 Pribinova 474/1, Krupina - nehoda - zrážka najmenej dvoch vozidiel"
2017-01-17 11:34:33,"12:34 Golianovo, okres Nitra - nehoda - vozidlo mimo vozovky"
2017-01-17 11:19:59,Bude Denisa Saková nástupkyňou Kaliňáka? https://t.co/M5J314uowO
2017-01-17 11:16:30,"12:16 Od  Svinia, okres Prešov, do  Široké, okres Prešov - prebiehajú práce v blízkosti vozovky, prebieha odstraňovanie snehu pluhmi"
2017-01-17 10:58:34,"11:58 Od  Rožňavská, Tornaľa, do  Letná 719, Plešivec - prebieha policajná kontrola"
2017-01-17 10:42:44,"11:42 Vydumanec 13862/63, Vydumanec, Prešov - prebieha policajná kontrola"
2017-01-17 10:41:23,"11:41 Ubľa 362, Ubľa - spomalená premávka"
2017-01-17 10:39:48,"11:39 Dvorníky-Včeláre, okres Košice - okolie - nehoda nákladného vozidla"
2017-01-17 10:36:58,"11:36 Strečno, okres Žilina - nehoda nákladného vozidla"
2017-01-17 10:09:22,"11:09 Levočská 1373/27A, Stará Ľubovňa - prebieha policajná kontrola"
2017-01-17 10:05:17,"11:05 Prešov, okres Prešov - prebieha policajná kontrola"
2017-01-17 10:04:09,"11:04 Od  Šteruská cesta 1311, Vrbové, do  Dechtice 147, Dechtice - čerstvý sneh, zasnežená vozovka"
2017-01-17 09:47:20,"10:47 Od  Široké, okres Prešov, do  Svinia, okres Prešov - prebiehajú bližšie neurčené práce na ceste"
2017-01-17 09:45:41,"10:45 Od  Široké, okres Prešov, do  Svinia, okres Prešov - prebiehajú bližšie neurčené práce na ceste"
2017-01-17 09:43:44,"10:43 Krásny Brod 189, Krásny Brod - prebieha policajná kontrola"
2017-01-17 09:02:29,10:02 okres Bratislava I - prebieha policajná kontrola
2017-01-17 08:49:59,Slovenský ekonóm Peter Staněk varuje pred konfrontáciou civilizácií https://t.co/lrMx7LVfoY
2017-01-17 08:43:21,"09:43 Košická, Žilina - poškodený povrch vozovky"
2017-01-17 08:34:59,"09:34 Podlipníky 8, Podlipníky, Pavlovce - prebieha policajná kontrola"
2017-01-17 08:34:00,"09:34 Bidovce 334, Bidovce - prebieha policajná kontrola"
2017-01-17 08:32:32,"09:32 Čaklov 76, Čaklov - prebieha policajná kontrola"
2017-01-17 08:23:37,"09:23 Od  Turčianska 539/50, Nitrianske Pravno, do  Ležiachov, okres Martin - poľadovica"
2017-01-17 08:15:04,"09:15 Banské, okres Vranov nad Topľou - jazdite mimoriadne opatrne"
2017-01-17 08:09:58,"09:09 Banské, okres Vranov nad Topľou - jazdite mimoriadne opatrne"
2017-01-17 08:08:34,"09:08 Banské, okres Vranov nad Topľou - jazdite mimoriadne opatrne"
2017-01-17 08:04:51,"09:04 Banské, okres Vranov nad Topľou - jazdite mimoriadne opatrne"
2017-01-17 07:44:51,"08:44 Moldava nad Bodvou, okres Košice - okolie - prebieha policajná kontrola"
2017-01-17 07:38:22,"08:38 okres Vranov nad Topľou - poľadovica, snehové jazyky"
2017-01-17 07:30:09,"08:30 Komenského 1117/22, Staré Mesto, Košice - Staré Mesto - nehoda"
2017-01-17 07:10:15,"08:10 Slovenská Nová Ves, okres Trnava - prebieha policajná kontrola"
2017-01-17 07:07:53,"08:07 Staničná, Humenné - nehoda, nehoda nákladného vozidla"
2017-01-17 07:06:37,"08:06 Nižný Hrabovec, okres Vranov nad Topľou - nehoda"
2017-01-17 07:00:02,"08:00 18, Vrútky, Martin, Žilinský - prebieha bližšie neurčené práce na ceste"
2017-01-17 06:51:43,"07:51 Od  Košická, Žilina, do  Vrútky, okres Martin - prebieha údržba komunikácie alebo jej vybavenia"
2017-01-17 06:49:59,Mnohí študenti vidia v Česku bránu do sveta https://t.co/duaZnmta3W
2017-01-17 06:43:04,"07:43 Od  Košická, Žilina, do  Vrútky, okres Martin - prebieha údržba komunikácie alebo jej vybavenia"
2017-01-17 06:35:17,"07:35 Od  Sládkovičova 285, Tisovec, do  Hlavná, Pohronská Polhora - použite protišmykové reťaze"
2017-01-17 06:28:54,"07:28 Mýtna, okres Lučenec - nehoda"
2017-01-17 06:23:10,"07:23 Od  Ráztočná 14590, Vrakuňa, Bratislava - Vrakuňa, do  Ráztočná, Bratislava - pomalá premávka"
2017-01-17 06:20:00,"Rastúci extrémizmus donútil konať aj Plavčana. Pripustil, že treba viac dejepisu https://t.co/vllM1zdZnK"
2017-01-17 06:10:05,"07:10 Tešedíkovo, okres Šaľa - nehoda"
2017-01-17 06:03:31,"07:03 Nováčany, okres Košice - okolie - nehoda, nehoda autobusu"
2017-01-17 06:01:38,"07:01 Od  Jilemnického 5762/32, Martin, do  Košťany nad Turcom, okres Martin - prebieha policajná kontrola"
2017-01-17 05:59:02,"06:59 Od  Slobody, Čadca, do  Oščadnica, okres Čadca - prebieha policajná kontrola"
2017-01-17 05:54:51,"06:54 Od  Ivachnová, okres Ružomberok, do  Liptovský Mikuláš - prebieha policajná kontrola"
2017-01-17 05:53:13,"06:53 Od  Dolný Hričov, okres Žilina, do  Žilina - prebieha policajná kontrola"
2017-01-17 05:50:58,"06:50 Od  Košická, Žilina, do  Záturčianska, Martin - prebieha policajná kontrola"
2017-01-17 05:28:56,"06:28 Od  Rudno nad Hronom 80, Rudno nad Hronom, do  Rudno nad Hronom 244, Rudno nad Hronom - miestami poľadovica, klzká vozovka, kašovi..."
2017-01-17 05:27:02,"06:27 Legionárska 11/2, Bratislava-Staré Mesto, Bratislava I, Bratislavský - prebieha bližšie neurčené práce na ceste"
2017-01-17 05:24:10,"06:24 Michalovce, okres Michalovce - poľadovica, klzká vozovka"
2017-01-17 05:19:59,"Audi SQ5: Benzín namiesto dieselu. A na stovku za 5,4 s https://t.co/gtHh8cvCSp"
2017-01-17 05:17:57,"06:17 Hlavná, Dargov - prekážka - pokazené nákladné vozidlo"
2017-01-17 05:14:47,"06:14 Zádiel, okres Košice - okolie - nehoda nákladného vozidla"
2017-01-16 23:20:03,"00:20 Michalovce, okres Michalovce - čerstvý sneh, zasnežená vozovka"
2017-01-16 23:13:18,"00:13 Od  Žilina, do  Žilina - jazdný pás uzatvorený"
2017-01-16 23:04:32,"00:04 Od  Beckov, okres Nové Mesto nad Váhom, do  Most Pružinka, Visolaje - prebieha policajná kontrola"
2017-01-16 22:49:55,"23:49 Od  Československej armády 1170/21, Staré Mesto, Košice - Staré Mesto, do  Hurbanova 1837/2, Sever, Košice - Sever - riaďte sa dop..."
2017-01-16 22:18:00,"23:18 Považská Bystrica, okres Považská Bystrica - poľadovica"
2017-01-16 22:14:39,"23:14 Považská Bystrica, okres Považská Bystrica - poľadovica"
2017-01-16 21:45:00,Turecká polícia chytila útočníka z istanbulského nočného klubu https://t.co/5tXbOSTCES
2017-01-16 21:15:00,Posledný muž na Mesiaci už nie je na svete. Zomrel Eugene Cernan https://t.co/9ZpezAvXyR
2017-01-16 21:08:44,"22:08 Němcovej, Sever, Košice - Sever - prebiehajú stavebné práce"
2017-01-16 20:32:49,21:32 okres Tvrdošín - prebieha policajná kontrola
2017-01-16 20:11:01,"21:11 Ubľa, okres Snina - spomalená premávka"
2017-01-16 19:55:02,"20:55 Ubľa, okres Snina - spomalená premávka"
2017-01-16 19:52:48,"20:52 Vyšné Nemecké, okres Sobrance - spomalená premávka"
2017-01-16 19:35:45,"20:35 Slovnaftská, Bratislava - prebieha policajná kontrola"
2017-01-16 19:21:14,"20:21 Od  Plevník-Drienové, okres Považská Bystrica, do  Horná Streda, okres Nové Mesto nad Váhom - prebieha policajná kontrola"
2017-01-16 19:15:00,Štátne IC vlaky nemajú voľnú trať https://t.co/RwFpLKnVJy
2017-01-16 19:06:16,"20:06 Nitrianska Streda 328, Nitrianska Streda - prebieha policajná kontrola"
2017-01-16 18:55:13,"19:55 Od  Štrba, okres Poprad, do  Ličartovce, okres Prešov - prebieha policajná kontrola"
2017-01-16 18:54:38,"19:54 Od  Tunel Bôrik, Lučivná, do  Tunel Bôrik, Mengusovce - uzávierky jazdných pruhov"
2017-01-16 18:54:22,"19:54 Od  Tunel Bôrik, Lučivná, do  Tunel Bôrik, Mengusovce - obmedzenie najvyššej dovolenej rýchlosti"
2017-01-16 18:49:45,"19:49 Dolná 62/47, Kremnica - prekážajúce vozidlo"
2017-01-16 18:33:20,"19:33 Od  Tunel Bôrik, Lučivná, do  Tunel Bôrik, Mengusovce - obmedzenie najvyššej dovolenej rýchlosti"
2017-01-16 18:32:31,"19:32 Od  Tunel Bôrik, Lučivná, do  Tunel Bôrik, Mengusovce - obmedzenie najvyššej dovolenej rýchlosti"
2017-01-16 18:30:09,"19:30 Od  Tunel Bôrik, Lučivná, do  Tunel Bôrik, Mengusovce - uzávierky jazdných pruhov"
2017-01-16 18:26:19,"19:26 Od  Rudno nad Hronom 80, Rudno nad Hronom, do  Rudno nad Hronom 244, Rudno nad Hronom - miestami poľadovica, klzká vozovka, kašovi..."
2017-01-16 18:15:01,Marta Kubišová: Nie je dôvod okrádať sa o zvyšok môjho času https://t.co/dmYED0geUc
2017-01-16 17:39:27,"18:39 Dlhá 497/39, Vranov, Vranov nad Topľou - nehoda"
2017-01-16 16:58:55,"17:58 Pražská, Staré Mesto, Bratislava - Staré Mesto - nehoda"
2017-01-16 16:45:00,NÁZOR: Dankova svojvôľa https://t.co/6YoKizrzZq
2017-01-16 16:44:59,"17:44 Vyšné Nemecké, okres Sobrance - spomalená premávka"
2017-01-16 16:44:17,"17:44 Ubľa 362, Ubľa - spomalená premávka"
2017-01-16 16:31:57,"17:31 Spišský Hrhov, okres Levoča - nepriaznivé počasie - hmla"
2017-01-16 15:52:27,16:52 okres Čadca - prebieha policajná kontrola
2017-01-16 15:50:58,"16:50 Ubľa 362, Ubľa - spomalená premávka"
2017-01-16 15:31:14,16:31 okres Galanta - prebieha policajná kontrola
2017-01-16 15:19:22,"16:19 Košická, Žilina - nehoda"
2017-01-16 15:15:00,Bača aj v zime stráži ovce na salaši v Bratislave https://t.co/XPnTybjCW0
2017-01-16 15:08:13,"16:08 Trebatice, okres Piešťany - nehoda - zrážka najmenej dvoch vozidiel"
2017-01-16 14:58:53,"15:58 Slanecká, Košice - nehoda, nehoda - zrážka najmenej dvoch vozidiel"
2017-01-16 14:58:39,"15:58 Vyšné Nemecké, okres Sobrance - spomalená premávka"
2017-01-16 14:57:29,"15:57 Od  Sládkovičova 285, Tisovec, do  Hlavná, Pohronská Polhora - použite protišmykové reťaze"
2017-01-16 14:57:25,"15:57 Vyšné Nemecké, okres Sobrance - spomalená premávka"
2017-01-16 14:57:19,"15:57 Ubľa 362, Ubľa - spomalená premávka"
2017-01-16 14:47:34,"15:47 Trakovice 167, Trakovice - prebieha bližšie neurčená činnosť orgánov alebo úradov"
2017-01-16 14:34:40,"15:34 63: Svornosti, Bratislava - Podunajské Biskupice - pomalá premávka"
2017-01-16 14:11:41,"15:11 Vetvárska, Podunajské Biskupice, Bratislava - Podunajské Biskupice - prebieha bližšie neurčená činnosť orgánov alebo úradov"
2017-01-16 14:09:53,"15:09 Spišský Štvrtok, okres Levoča - prebieha policajná kontrola"
2017-01-16 14:00:04,"15:00 Štúrova, Šaľa - prebieha bližšie neurčená činnosť orgánov alebo úradov"
2017-01-16 13:57:36,"14:57 Od  Rudno nad Hronom 17, Rudno nad Hronom, do  Rudno nad Hronom 179, Rudno nad Hronom - kašovitý sneh, zasnežená vozovka"
2017-01-16 13:57:08,"14:57 Trenčianska, Horné Lelovce, Nováky - prebieha bližšie neurčená činnosť orgánov alebo úradov"
2017-01-16 13:45:00,Štátny dopravný systém navigáciám konkurovať nebude https://t.co/NWzbVfq779
2017-01-16 13:40:56,14:40 okres Trnava - prebieha policajná kontrola
2017-01-16 13:40:03,14:40 okres Galanta - prebieha policajná kontrola
2017-01-16 13:39:08,14:39 okres Dunajská Streda - prebieha policajná kontrola
2017-01-16 13:38:05,14:38 okres Senica - prebieha policajná kontrola
2017-01-16 13:34:59,"14:34 Od  Trnava, do  Pata, okres Galanta - prebieha policajná kontrola"
2017-01-16 13:30:45,"14:30 Od  Sládkovičova 285, Tisovec, do  Hlavná, Pohronská Polhora - použite protišmykové reťaze"
2017-01-16 13:29:01,"14:29 Od  Cífer, okres Trnava, do  Piešťany - prebieha policajná kontrola"
2017-01-16 13:19:04,"14:19 Kpt. Nálepku, Dedina Mládeže - prebieha bližšie neurčená činnosť orgánov alebo úradov"
2017-01-16 13:15:01,Univerzitám stopla databázy aj národná knižnica https://t.co/mrPah2pSAP
2017-01-16 13:14:38,"14:14 Ubľa 362, Ubľa - spomalená premávka"
2017-01-16 13:13:13,"14:13 Bratislavská 335/23, Tôň - prebieha bližšie neurčená činnosť orgánov alebo úradov"
2017-01-16 13:13:00,"14:12 Vyšné Nemecké, okres Sobrance - spomalená premávka"
2017-01-16 13:08:10,"14:08 Koniarovce 54, Koniarovce - nehoda"
2017-01-16 12:54:30,"13:54 Od  Einsteinova, Bratislava, do  Senec - prebieha policajná kontrola"
2017-01-16 12:54:20,13:54 okres Dunajská Streda - prebieha policajná kontrola
2017-01-16 12:15:00,Trumpovi či brexitu zatiaľ slovenský II. pilier odolal  https://t.co/cSNEfZAj62
2017-01-16 12:00:21,"13:00 Koniarovce 238, Koniarovce - nehoda, vážna nehoda"
2017-01-16 11:51:17,"12:51 Ubľa 362, Ubľa - spomalená premávka"
2017-01-16 11:45:01,Danko po stretnutí so Zuzulovcami pohrozil SLA zastavením financovania https://t.co/io74xHY7yX
2017-01-16 11:15:01,Budú opäť tri kraje? Error
2017-01-16 10:49:01,11:49 okres Trnava - prebieha policajná kontrola
2017-01-16 10:30:16,"11:30 Od  Bielická 366/7, Veľké Bielice, Partizánske, do  Hradište, okres Partizánske - prebieha policajná kontrola"
2017-01-16 10:25:06,"11:25 P. O. Hviezdoslava 23/13, Veľké Kapušany - nehoda"
2017-01-16 09:58:15,"10:58 Od  Sládkovičova 285, Tisovec, do  Hlavná, Pohronská Polhora - použite protišmykové reťaze"
2017-01-16 09:52:24,"10:52 Vyšné Nemecké, okres Sobrance - spomalená premávka"
2017-01-16 09:50:47,10:50 okres Kysucké Nové Mesto - prebieha policajná kontrola
2017-01-16 09:49:51,"10:49 Ubľa 362, Ubľa - spomalená premávka"
2017-01-16 09:47:26,"10:47 Hybe, okres Liptovský Mikuláš - prebieha policajná kontrola"
2017-01-16 09:26:23,"10:26 Košický Klečenov 43, Košický Klečenov - prebieha policajná kontrola"
2017-01-16 09:25:18,"10:25 Košický Klečenov 43, Košický Klečenov - prebieha policajná kontrola"
2017-01-16 08:48:35,09:48 okres Senec - prebieha policajná kontrola
2017-01-16 08:46:33,"09:46 Ubľa 362, Ubľa - spomalená premávka"
2017-01-16 08:44:03,"09:44 Vyšné Nemecké, okres Sobrance - spomalená premávka"
2017-01-16 07:50:12,"08:50 Stummerova 1914/46, Topoľčany - bližšie neurčená nehoda"
2017-01-16 07:44:10,08:44 okres Zlaté Moravce - prebieha policajná kontrola
2017-01-16 07:37:36,"08:37 Rudno nad Hronom 117, Rudno nad Hronom - poľadovica, zasnežená vozovka"
2017-01-16 07:32:34,"08:32 Československej armády 968/15, Trebišov - bližšie neurčená nehoda"
2017-01-16 07:14:03,"08:14 D1, Štrba, Poprad, Prešovský - prebieha bližšie neurčené práce na ceste"
2017-01-16 06:57:58,"07:57 Bratislava - Nové Mesto, okres Bratislava III - prebieha policajná kontrola"
2017-01-16 06:47:26,"07:47 Kurtáň 178, Kurtáň, Fiľakovské Kováče - prebieha policajná kontrola"
2017-01-16 06:46:00,"07:45 SNP, Strečno - prebieha policajná kontrola"
2017-01-16 06:32:02,"07:32 Bratislava-Záhorská Bystrica, okres Bratislava IV - nehoda"
2017-01-16 06:15:00,Nový šéf polície má vzísť z konkurzu https://t.co/hTIs9lTfv5
2017-01-16 06:09:32,"07:09 Od  Kráľovský Chlmec, okres Trebišov, do  Hadabuda 634/18, Veľké Kapušany - nepriaznivé počasie - sneženie"
2017-01-16 06:07:38,"07:07 Kráľovský Chlmec, okres Trebišov - prekážka - pokazené vozidlo"
2017-01-16 05:45:00,"Na kirgizskú dedinu spadlo lietadlo, 32 mŕtvych https://t.co/QYwSKnbAkh"
2017-01-16 05:41:54,"06:41 Hlavná 1405/11, Matejovce, Poprad - prebieha policajná kontrola"
2017-01-16 05:05:40,"06:05 Rimavská Sobota, Banskobystrický - nepriaznivé počasie - extrémne mrazy"
2017-01-16 05:05:39,"06:05 Rožňava, Košický - nepriaznivé počasie - extrémne mrazy"
2017-01-16 05:05:37,"06:05 Brezno, Banskobystrický - nepriaznivé počasie - extrémne mrazy"
2017-01-16 05:05:34,"06:05 Revúca, Banskobystrický - nepriaznivé počasie - extrémne mrazy"
2017-01-16 05:01:58,"06:01 Rimavská Sobota, Banskobystrický - nepriaznivé počasie - extrémne mrazy"
2017-01-16 05:01:57,"06:01 Rožňava, Košický - nepriaznivé počasie - extrémne mrazy"
2017-01-16 05:01:56,"06:01 Brezno, Banskobystrický - nepriaznivé počasie - extrémne mrazy"
2017-01-16 05:01:55,"06:01 Revúca, Banskobystrický - nepriaznivé počasie - extrémne mrazy"
2017-01-16 05:00:13,"06:00 Rimavská Sobota, Banskobystrický - nepriaznivé počasie - extrémne mrazy"
2017-01-16 05:00:12,"06:00 Rožňava, Košický - nepriaznivé počasie - extrémne mrazy"
2017-01-16 05:00:11,"06:00 Lučenec, Banskobystrický - nepriaznivé počasie - extrémne mrazy"
2017-01-16 05:00:11,"06:00 Brezno, Banskobystrický - nepriaznivé počasie - extrémne mrazy"
2017-01-16 05:00:10,"06:00 Revúca, Banskobystrický - nepriaznivé počasie - extrémne mrazy"
2017-01-16 05:00:07,"06:00 Detva, Banskobystrický - nepriaznivé počasie - extrémne mrazy"
2017-01-16 04:58:32,"05:58 Od  Mlynské Nivy, Bratislava, do  Mlynské Nivy, Bratislava - zmena usporiadania jazdných pruhov pre práce na vozovke"
2017-01-16 04:57:55,05:57 okres Turčianske Teplice - prebieha policajná kontrola
2017-01-16 04:57:43,05:57 okres Žilina - prebieha policajná kontrola
2017-01-16 04:57:38,05:57 okres Kysucké Nové Mesto - prebieha policajná kontrola
2017-01-16 04:57:04,05:57 okres Dolný Kubín - prebieha policajná kontrola
2017-01-16 04:56:49,05:56 okres Námestovo - prebieha policajná kontrola
2017-01-16 04:56:27,"05:56 Od  Štrba, okres Poprad, do  Ličartovce, okres Prešov - prebieha policajná kontrola"
2017-01-16 04:56:20,05:56 okres Prešov - prebieha policajná kontrola
2017-01-16 04:55:49,05:55 okres Poprad - prebieha policajná kontrola
2017-01-16 04:55:34,05:55 okres Humenné - prebieha policajná kontrola
2017-01-16 04:55:21,05:55 okres Levice - prebieha policajná kontrola
2017-01-16 04:55:15,05:55 okres Zlaté Moravce - prebieha policajná kontrola
2017-01-16 04:54:59,05:54 okres Šaľa - prebieha policajná kontrola
2017-01-16 04:54:31,05:54 okres Bánovce nad Bebravou - prebieha policajná kontrola
2017-01-16 04:54:22,05:54 okres Považská Bystrica - prebieha policajná kontrola
2017-01-16 04:54:19,05:54 okres Prievidza - prebieha policajná kontrola
2017-01-16 04:53:49,05:53 okres Ilava - prebieha policajná kontrola
2017-01-16 04:53:35,05:53 okres Rimavská Sobota - prebieha policajná kontrola
2017-01-16 04:53:30,"05:53 Od  Horná Streda, okres Nové Mesto nad Váhom, do  Maršová-Rašov, okres Bytča - prebieha policajná kontrola"
2017-01-16 04:53:02,05:53 okres Brezno - prebieha policajná kontrola
2017-01-16 04:53:02,05:53 okres Lučenec - prebieha policajná kontrola
2017-01-16 04:52:39,05:52 okres Žiar nad Hronom - prebieha policajná kontrola
2017-01-16 04:52:35,"05:52 Rožňava, Košický - nepriaznivé počasie - extrémne mrazy"
2017-01-16 04:52:35,"05:52 Rimavská Sobota, Banskobystrický - nepriaznivé počasie - extrémne mrazy"
2017-01-16 04:52:34,"05:52 Lučenec, Banskobystrický - nepriaznivé počasie - extrémne mrazy"
2017-01-16 04:52:33,"05:52 Banská Bystrica, Banskobystrický - nepriaznivé počasie - extrémne mrazy"
2017-01-16 04:52:32,"05:52 Veľký Krtíš, Banskobystrický - nepriaznivé počasie - extrémne mrazy"
2017-01-16 04:52:32,"05:52 Zvolen, Banskobystrický - nepriaznivé počasie - extrémne mrazy"
2017-01-16 04:52:31,"05:52 Krupina, Banskobystrický - nepriaznivé počasie - extrémne mrazy"
2017-01-16 04:52:30,"05:52 Brezno, Banskobystrický - nepriaznivé počasie - extrémne mrazy"
2017-01-16 04:52:29,"05:52 Poltár, Banskobystrický - nepriaznivé počasie - extrémne mrazy"
2017-01-16 04:52:29,"05:52 Detva, Banskobystrický - nepriaznivé počasie - extrémne mrazy"
2017-01-16 04:52:27,"05:52 Revúca, Banskobystrický - nepriaznivé počasie - extrémne mrazy"
2017-01-16 04:52:24,"05:52 Banská Štiavnica, Banskobystrický - nepriaznivé počasie - extrémne mrazy"
2017-01-16 04:52:16,"05:52 Od  Žarnovica, do  Banská Bystrica - prebieha policajná kontrola"
2017-01-16 04:52:08,05:52 okres Senica - prebieha policajná kontrola
2017-01-16 04:51:50,05:51 okres Galanta - prebieha policajná kontrola
2017-01-16 04:51:23,"05:51 Od  Einsteinova, Bratislava, do  Senec - prebieha policajná kontrola"
2017-01-16 04:50:19,"05:50 Stupava, okres Malacky - prebieha policajná kontrola"
2017-01-16 04:34:00,"05:34 Majcichov, okres Trnava - nehoda, nehoda - vozidlo mimo vozovky"
2017-01-16 00:45:00,Nový poplatok za vodu https://t.co/s5KL57XHEb
2017-01-15 23:15:40,"00:15 Rákoš, okres Košice - okolie - nehoda"
2017-01-15 22:31:10,"23:31 Rimavská Sobota, Banskobystrický - nepriaznivé počasie - extrémne mrazy"
2017-01-15 22:31:10,"23:31 Lučenec, Banskobystrický - nepriaznivé počasie - extrémne mrazy"
2017-01-15 22:31:10,"23:31 Banská Bystrica, Banskobystrický - nepriaznivé počasie - extrémne mrazy"
2017-01-15 22:31:09,"23:31 Rožňava, Košický - nepriaznivé počasie - extrémne mrazy"
2017-01-15 22:31:09,"23:31 Veľký Krtíš, Banskobystrický - nepriaznivé počasie - extrémne mrazy"
2017-01-15 22:31:08,"23:31 Zvolen, Banskobystrický - nepriaznivé počasie - extrémne mrazy"
2017-01-15 22:31:08,"23:31 Krupina, Banskobystrický - nepriaznivé počasie - extrémne mrazy"
2017-01-15 22:31:08,"23:31 Brezno, Banskobystrický - nepriaznivé počasie - extrémne mrazy"
2017-01-15 22:31:04,"23:31 Revúca, Banskobystrický - nepriaznivé počasie - extrémne mrazy"
2017-01-15 22:31:02,"23:31 Banská Štiavnica, Banskobystrický - nepriaznivé počasie - extrémne mrazy"
2017-01-15 22:31:01,"23:31 Poltár, Banskobystrický - nepriaznivé počasie - extrémne mrazy"
2017-01-15 22:31:00,"23:31 Detva, Banskobystrický - nepriaznivé počasie - extrémne mrazy"
2017-01-15 22:18:11,"23:18 Rimavská Sobota, Banskobystrický - nepriaznivé počasie - extrémne mrazy"
2017-01-15 22:18:10,"23:18 Veľký Krtíš, Banskobystrický - nepriaznivé počasie - extrémne mrazy"
2017-01-15 22:18:10,"23:18 Lučenec, Banskobystrický - nepriaznivé počasie - extrémne mrazy"
2017-01-15 22:18:10,"23:18 Banská Bystrica, Banskobystrický - nepriaznivé počasie - extrémne mrazy"
2017-01-15 22:18:09,"23:18 Zvolen, Banskobystrický - nepriaznivé počasie - extrémne mrazy"
2017-01-15 22:18:09,"23:18 Rožňava, Košický - nepriaznivé počasie - extrémne mrazy"
2017-01-15 22:18:08,"23:18 Krupina, Banskobystrický - nepriaznivé počasie - extrémne mrazy"
2017-01-15 22:18:08,"23:18 Brezno, Banskobystrický - nepriaznivé počasie - extrémne mrazy"
2017-01-15 22:18:05,"23:18 Revúca, Banskobystrický - nepriaznivé počasie - extrémne mrazy"
2017-01-15 22:18:04,"23:18 Poltár, Banskobystrický - nepriaznivé počasie - extrémne mrazy"
2017-01-15 22:18:03,"23:18 Detva, Banskobystrický - nepriaznivé počasie - extrémne mrazy"
2017-01-15 22:18:02,"23:18 Banská Štiavnica, Banskobystrický - nepriaznivé počasie - extrémne mrazy"
2017-01-15 22:10:50,"23:10 Od  Lučenecká cesta, Zvolen, do  A. S. Jegorova, Lučenec - čerstvý sneh, zasnežená vozovka"
2017-01-15 21:56:02,"22:56 Rimavská Sobota, Banskobystrický - nepriaznivé počasie - extrémne mrazy"
2017-01-15 21:56:02,"22:56 Lučenec, Banskobystrický - nepriaznivé počasie - extrémne mrazy"
2017-01-15 21:56:01,"22:56 Banská Bystrica, Banskobystrický - nepriaznivé počasie - extrémne mrazy"
2017-01-15 21:56:01,"22:56 Rožňava, Košický - nepriaznivé počasie - extrémne mrazy"
2017-01-15 21:56:00,"22:56 Veľký Krtíš, Banskobystrický - nepriaznivé počasie - extrémne mrazy"
2017-01-15 21:55:59,"22:55 Krupina, Banskobystrický - nepriaznivé počasie - extrémne mrazy"
2017-01-15 21:55:59,"22:55 Zvolen, Banskobystrický - nepriaznivé počasie - extrémne mrazy"
2017-01-15 21:55:58,"22:55 Brezno, Banskobystrický - nepriaznivé počasie - extrémne mrazy"
2017-01-15 21:55:56,"22:55 Revúca, Banskobystrický - nepriaznivé počasie - extrémne mrazy"
2017-01-15 21:55:54,"22:55 Detva, Banskobystrický - nepriaznivé počasie - extrémne mrazy"
2017-01-15 21:55:53,"22:55 Poltár, Banskobystrický - nepriaznivé počasie - extrémne mrazy"
2017-01-15 21:55:53,"22:55 Banská Štiavnica, Banskobystrický - nepriaznivé počasie - extrémne mrazy"
2017-01-15 21:43:33,"22:43 Rimavská Sobota, Banskobystrický - nepriaznivé počasie - extrémne mrazy"
2017-01-15 21:43:32,"22:43 Lučenec, Banskobystrický - nepriaznivé počasie - extrémne mrazy"
2017-01-15 21:43:32,"22:43 Veľký Krtíš, Banskobystrický - nepriaznivé počasie - extrémne mrazy"
2017-01-15 21:43:32,"22:43 Rožňava, Košický - nepriaznivé počasie - extrémne mrazy"
2017-01-15 21:43:30,"22:43 Banská Bystrica, Banskobystrický - nepriaznivé počasie - extrémne mrazy"
2017-01-15 21:43:27,"22:43 Revúca, Banskobystrický - nepriaznivé počasie - extrémne mrazy"
2017-01-15 21:43:27,"22:43 Brezno, Banskobystrický - nepriaznivé počasie - extrémne mrazy"
2017-01-15 21:43:27,"22:43 Krupina, Banskobystrický - nepriaznivé počasie - extrémne mrazy"
2017-01-15 21:43:27,"22:43 Zvolen, Banskobystrický - nepriaznivé počasie - extrémne mrazy"
2017-01-15 21:43:26,"22:43 Detva, Banskobystrický - nepriaznivé počasie - extrémne mrazy"
2017-01-15 21:43:21,"22:43 Banská Štiavnica, Banskobystrický - nepriaznivé počasie - extrémne mrazy"
2017-01-15 21:43:21,"22:43 Poltár, Banskobystrický - nepriaznivé počasie - extrémne mrazy"
2017-01-15 21:41:22,"22:41 Rimavská Sobota, Banskobystrický - nepriaznivé počasie - extrémne mrazy"
2017-01-15 21:41:22,"22:41 Banská Bystrica, Banskobystrický - nepriaznivé počasie - extrémne mrazy"
2017-01-15 21:41:21,"22:41 Rožňava, Košický - nepriaznivé počasie - extrémne mrazy"
2017-01-15 21:41:21,"22:41 Lučenec, Banskobystrický - nepriaznivé počasie - extrémne mrazy"
2017-01-15 21:41:19,"22:41 Veľký Krtíš, Banskobystrický - nepriaznivé počasie - extrémne mrazy"
2017-01-15 21:41:19,"22:41 Brezno, Banskobystrický - nepriaznivé počasie - extrémne mrazy"
2017-01-15 21:41:18,"22:41 Zvolen, Banskobystrický - nepriaznivé počasie - extrémne mrazy"
2017-01-15 21:41:17,"22:41 Krupina, Banskobystrický - nepriaznivé počasie - extrémne mrazy"
2017-01-15 21:41:15,"22:41 Revúca, Banskobystrický - nepriaznivé počasie - extrémne mrazy"
2017-01-15 21:41:14,"22:41 Banská Štiavnica, Banskobystrický - nepriaznivé počasie - extrémne mrazy"
2017-01-15 21:41:13,"22:41 Poltár, Banskobystrický - nepriaznivé počasie - extrémne mrazy"
2017-01-15 21:41:12,"22:41 Detva, Banskobystrický - nepriaznivé počasie - extrémne mrazy"
2017-01-15 21:40:42,"22:40 Od  SNP 60/52, Žiar nad Hronom, do  Žiarska, Handlová - čerstvý sneh, zasnežená vozovka"
2017-01-15 21:31:59,"22:31 Rimavská Sobota, Banskobystrický - nepriaznivé počasie - extrémne mrazy"
2017-01-15 21:31:58,"22:31 Lučenec, Banskobystrický - nepriaznivé počasie - extrémne mrazy"
2017-01-15 21:31:58,"22:31 Rožňava, Košický - nepriaznivé počasie - extrémne mrazy"
2017-01-15 21:31:57,"22:31 Zvolen, Banskobystrický - nepriaznivé počasie - extrémne mrazy"
2017-01-15 21:31:57,"22:31 Veľký Krtíš, Banskobystrický - nepriaznivé počasie - extrémne mrazy"
2017-01-15 21:31:57,"22:31 Banská Bystrica, Banskobystrický - nepriaznivé počasie - extrémne mrazy"
2017-01-15 21:31:56,"22:31 Brezno, Banskobystrický - nepriaznivé počasie - extrémne mrazy"
2017-01-15 21:31:55,"22:31 Revúca, Banskobystrický - nepriaznivé počasie - extrémne mrazy"
2017-01-15 21:31:55,"22:31 Krupina, Banskobystrický - nepriaznivé počasie - extrémne mrazy"
2017-01-15 21:31:55,"22:31 Banská Štiavnica, Banskobystrický - nepriaznivé počasie - extrémne mrazy"
2017-01-15 21:31:54,"22:31 Poltár, Banskobystrický - nepriaznivé počasie - extrémne mrazy"
2017-01-15 21:31:53,"22:31 Detva, Banskobystrický - nepriaznivé počasie - extrémne mrazy"
2017-01-15 20:15:01,Ľudové vzbury prinášali obete bezbranných https://t.co/C2GmF3imDk
2017-01-15 20:10:33,21:10 okres Považská Bystrica - prebieha policajná kontrola
2017-01-15 19:45:00,Malé silné strúčiky https://t.co/S7so94ytAt
2017-01-15 19:23:45,"20:23 Ubľa, okres Snina - tvoria sa kolóny"
2017-01-15 19:17:37,"20:17 Vyšné Nemecké 95, Vyšné Nemecké - tvoria sa kolóny"
2017-01-15 19:15:00,Trump má miláčika. Twitter https://t.co/xAUFXRjFpf
2017-01-15 19:05:31,"20:05 Žilina, okres Žilina - čerstvý sneh, zasnežená vozovka"
2017-01-15 18:16:26,"19:16 Pata, okres Galanta - prekážajúce vozidlo"
2017-01-15 18:15:10,"19:15 Od  Handlovská, Ráztočno, do  29. augusta 78/4, Handlová - prebieha policajná kontrola"
2017-01-15 17:53:27,18:53 okres Košice IV - prebieha policajná kontrola
2017-01-15 17:29:00,18:29 okres Nitra - prebieha policajná kontrola
2017-01-15 17:26:17,"18:26 Pernek, okres Malacky - prekážajúce vozidlo"
2017-01-15 16:38:37,"17:38 Kočovce, okres Nové Mesto nad Váhom - prebieha policajná kontrola"
2017-01-15 16:37:20,"17:37 Jelenecká 190/176, Nitrianske Hrnčiarovce - nehoda"
2017-01-15 16:23:05,17:23 Piešťany - vážna nehoda
2017-01-15 16:22:36,"17:22 Rudno nad Hronom 134, Rudno nad Hronom - poľadovica, zasnežená vozovka"
2017-01-15 15:59:05,"16:59 Odeská, Bratislava - prekážka - stádo zvierat na ceste"
2017-01-15 15:21:53,"16:21 Rudno nad Hronom 134, Rudno nad Hronom - poľadovica, zasnežená vozovka"
2017-01-15 14:45:01,VIDEO: Jazdu Talianky ukončil hororový pád https://t.co/xncErOtwGw
2017-01-15 14:36:53,"15:36 Gen. Svobodu, Medzilaborce - poľadovica, tvorba poľadovice"
2017-01-15 14:15:02,Kto zneužíva pohotovosť? https://t.co/VLQGBzbgic
2017-01-15 13:45:02,Čo by mal každý vedieť: Zásady prvej pomoci sú jednoduché https://t.co/wR0YfhnrKz
2017-01-15 13:33:39,"14:33 Hradište, okres Partizánske - prebieha policajná kontrola"
2017-01-15 13:28:33,"14:28 Ukrajinská 842/49, Krásna, Košice - Krásna - poľadovica"
2017-01-15 13:04:52,"14:04 Vyšné Nemecké, okres Sobrance - spomalená premávka"
2017-01-15 12:45:02,"Budúca prvá dáma USA: Modelka, korisť bulváru, ovláda päť jazykov https://t.co/Ex2lCEfi1h"
2017-01-15 12:41:43,"13:41 Štefánikova 707/47, Senica - spomalená premávka"
2017-01-15 12:15:58,"13:15 Budyšínska, Bratislava - Nové Mesto - nepriaznivé počasie"
2017-01-15 10:57:03,"11:57 Hnúšťa, okres Rimavská Sobota - čerstvý sneh, zasnežená vozovka"
2017-01-15 10:45:02,Prvý vážny test. Cibulková túži po splnení ďalšieho sna https://t.co/p3mdKegoMd
2017-01-15 09:16:08,"10:16 1976: Dolná Mariková, Dolná Mariková - prebieha policajná kontrola"
2017-01-15 09:09:03,"10:09 Duklianska, Prešov - nehoda"
2017-01-15 08:52:02,"09:52 R1, Trnavá Hora, Žiar nad Hronom, Banskobystrický - prebieha bližšie neurčené práce na ceste"
2017-01-15 08:45:01,"Budúci prezident USA: Miliardár, podnikateľ, nevyspytateľná osobnosť, outsider https://t.co/oBokafx1BY"
2017-01-15 08:37:08,09:37 okres Trnava - prebieha policajná kontrola
2017-01-15 08:20:52,09:20 okres Ilava - prebieha policajná kontrola
2017-01-15 08:08:08,"09:08 Od  Cukrovarská 26/12, Trebišov, do  Čemernianska 1126/109A, Čemerné, Vranov nad Topľou - čerstvý sneh"
2017-01-15 08:05:37,"09:05 61, Považská Bystrica, Považská Bystrica, Trenčiansky - prekážka - pomaly idúce vozidlo údržby"
2017-01-15 08:03:57,"09:03 Vyšné Nemecké, okres Sobrance - spomalená premávka"
2017-01-15 08:01:54,09:01 okres Senica - prebieha policajná kontrola
2017-01-15 07:54:05,08:54 okres Rimavská Sobota - prebieha policajná kontrola
2017-01-15 07:48:57,08:48 okres Galanta - prebieha policajná kontrola
2017-01-15 07:48:55,"08:48 Od  Kľačno 135, Kľačno, do  Fačkov, okres Žilina - komunikácia uzatvorená"
2017-01-15 07:45:02,"08:45 Tekovská Breznica 855, Tekovská Breznica, Žarnovica, Banskobystrický - prebieha bližšie neurčené práce na ceste"
2017-01-15 07:28:51,08:28 okres Prievidza - prebieha policajná kontrola
2017-01-15 07:15:02,Plesy a bály zjemňovali mravy https://t.co/7dZaXsTAnn
2017-01-15 06:45:01,Test: Ford Mondeo Hybrid – zvládol arktickú zimu https://t.co/txEkh0xDxk
2017-01-15 06:33:51,07:33 okres Žiar nad Hronom - prebieha policajná kontrola
2017-01-15 06:15:01,Zemetrasenie na Novom Zélande sprevádzali tajomné zelené svetlá https://t.co/OEd3mhhwkU
2017-01-15 06:09:22,07:09 okres Trebišov - prebieha policajná kontrola
2017-01-15 05:49:24,"06:49 Od  Važec, okres Liptovský Mikuláš, do  Ivachnová, okres Ružomberok - prebieha policajná kontrola"
2017-01-15 05:47:42,"06:47 Od  Ivachnová, okres Ružomberok, do  Važec, okres Liptovský Mikuláš - prebieha policajná kontrola"
2017-01-15 05:44:14,"06:44 Od  Námestie slobody, Čadca, do  Bytčianska, Žilina - prebieha policajná kontrola"
2017-01-14 19:44:57,"Zatočte s nabratými kilogramami po sviatkoch, ponúkame vám návod ako na to https://t.co/g0mLDIAMtO"
2017-01-14 19:14:56,Staněk: Trumpov americký sen nemusí byť fikcia https://t.co/ApsPJE0XZi
2017-01-14 16:14:56,"Chorobný smútok: Nažive, no bez života https://t.co/kNbHR5iabu"
2017-01-14 15:44:57,Maroniti zo severného Cypru snívajú o znovuzjednotení ostrova. Aj kvôli jazyku https://t.co/YGdJYA7FRv
2017-01-14 14:44:57,NÁZOR: Ligový striptíz https://t.co/a9NeyADecE
2017-01-14 13:44:57,"Rodičia, urobte deťom medové raňajky, prospejú im https://t.co/URogEmfHC8"
2017-01-14 11:09:57,Na východe a severe Slovenska počasie komplikuje dopravu https://t.co/pstZPo7dnW
2017-01-14 10:39:57,"Ultramaratón do Ríma zabehol, aby pomohol chudobným https://t.co/ZPUaWMBFRm"
2017-01-14 07:39:56,Oteplenie a sneženie vystrieda mráz. Opäť bude chladno https://t.co/bTTVZXBWOJ
2017-01-14 07:09:56,Penzia sa vzdiali o ďalších 63 dní https://t.co/0nRHsia8Cy
2017-01-14 06:09:56,Detroit 2017: Toto je TOP 20 premiér priamo z Cobo Centra https://t.co/fZQBklYwuD
2017-01-13 21:39:57,Unikátny nález: Vzácny Aston obrástol les. Má cenu státisícov https://t.co/FwTWBheiVq
2017-01-13 19:09:57,Pochybnosti okolo sídla kotlebovcov trvajú https://t.co/45NowburrO
2017-01-13 17:09:58,"Slovo roka 2016 je brexit, druhé trumpizmus https://t.co/dIhQsDvNKk"
2017-01-13 15:39:57,Tatársky biftek sa možno vráti do reštaurácií https://t.co/st8DVkk3MN
2017-01-13 15:09:58,Úrad pre dohľad prešetruje dva prípady zo Zlatého veku https://t.co/Agaqet6Nif
2017-01-13 14:09:57,Mrazivá zima na farmách: osoh zatiaľ prevyšuje škody https://t.co/604hUqbI10
2017-01-13 13:09:57,Tip na víkend: Zažite novoročnú zabíjačku so sánkovačkou vo Svidníku https://t.co/o8T0xM80tx
2017-01-13 12:05:01,Viedeň chce obmedziť pracovnú silu z EÚ https://t.co/RspKtKFuro
2017-01-13 11:00:01,Jaguar prilákal päť nových fabrík  https://t.co/M6afHI5pM3
2017-01-13 06:54:57,Kde vychovať odvážnych a zodpovedných? V lese https://t.co/5qCf8p8Eyl
2017-01-13 06:24:58,"Americká novinárka Applebaumová: Bojím sa, že Trump spôsobí svetovú vojnu https://t.co/F4jIYbGnXk"
2017-01-13 05:24:57,Lexus LS 500: Vlajková loď vznikala na čistom hárku papiera https://t.co/TFou8ggf5z
2017-01-12 20:54:58,Pier Paolo Righi: Dostupnosť a luxus v jednom je naša filozofia https://t.co/bFxIslgpkX
2017-01-12 19:54:58,Za hanlivý status by Mizík nemal zostať bez trestu https://t.co/xYBZnWgwHU
2017-01-12 19:24:57,Autá mrzli na diaľniciach priamo za chodu https://t.co/lmYdPOxvvS
2017-01-12 17:54:58,"Test o slovách: Čo sú homonymá, eufemizmy či onomatopoje? https://t.co/AB30L2GiaI"
2017-01-12 15:54:58,Gašpar: Gajdoš bol na Gorilu neskúsený https://t.co/Nm2bN4SXbn
2017-01-12 14:24:58,Koniec zubných plomb? Liek podporuje prirodzenú obnovu zubov https://t.co/yStioUFT6b
2017-01-12 13:24:58,"VW zaplatí USA za emisný podvod 4,3 miliardy dolárov https://t.co/u2snC5cHS0"
2017-01-12 12:24:58,Predseda SAV Šajgalík:  Prácu vedcov ohrozí len dlhšie odpojenie od databáz  https://t.co/huNsAVTWDR
2017-01-12 11:54:58,"Agáve, med či stévia - fakt si myslíte, že sú také zdravé? Tak čítajte https://t.co/KBfuVhMBYT"
2017-01-12 11:24:59,Horolezectvo kedysi a dnes sa nedá porovnávať https://t.co/oGufKUAH0p
2017-01-12 09:54:58,"Poznáte príbeh najstaršej tatranskej chaty? Rainerku zrušili, no vstala z mŕtvych https://t.co/Rim7s43ODI"
2017-01-12 09:24:58,Expert: Trump je nekonvenčný. Ale potrebuje aj informácie https://t.co/ZVlAwuapOL
2017-01-12 06:49:58,Nástup Trumpa do Bieleho domu sprevádzajú otázky https://t.co/nCbXNsTx39
2017-01-12 06:19:59,Pacienti v ambulanciách čakajú čoraz dlhšie https://t.co/HT0DoltLRQ
2017-01-12 05:19:59,Kia Stinger: Nádherné 5-dverové GT mení imidž značky https://t.co/x1JpfDEGro
2017-01-11 19:49:58,Audi Q8 Concept: Konkurent pre X6 je za dverami. Príde z Bratislavy https://t.co/PJVkTgz1bc
2017-01-11 18:49:58,Úrady nevedia zastaviť falošného chirurga https://t.co/gx0liKz3Bm
2017-01-11 17:19:59,Trump odpovedá novinárom na prvej tlačovej konferencii https://t.co/pPC6Ves1j5
2017-01-11 14:49:58,"NÁZOR: Rozmaznanosť, nie sklamanie https://t.co/eMig1abKA9"
2017-01-11 14:19:59,Sviatky bez obchodov. Iné to bude najmä na Veľkú noc https://t.co/wRfp8kKvyR
2017-01-11 13:20:00,Štát spustil drahý a neúplný dopravný servis https://t.co/6aVlB6NEiQ
2017-01-11 12:49:58,Rok 2017: Domáca hudobná scéna čaká množstvo prírastkov https://t.co/NqLX7emsO4
2017-01-11 11:19:59,Smer sa chce viac presadzovať popri SNS a Moste-Híd https://t.co/AG6aUlvRzb
2017-01-11 10:15:00,"CNN: Ruské tajné služby tvrdia, že môžu kompromitovať Trumpa https://t.co/i5CiekXKEl"
2017-01-11 09:45:00,Včasná liečba inzulínom môže zastaviť rozvoj diabetu https://t.co/ZEXNkCpBjF
2017-01-11 08:45:00,"Klamstvo? Trump zveličuje, hovorí prezidentov stúpenec https://t.co/CirTKlNE9N"
2017-01-11 06:45:00,Exekúcie poputujú do Banskej Bystrice https://t.co/0zeu6vgM8h
2017-01-11 06:15:00,Panika identity v nesamozrejmých štátoch https://t.co/syUZbkLwwY
2017-01-11 04:15:00,Velez-Zuzulová: Môže byť aj horšie. Teším sa na čas s manželom a psom https://t.co/eekmVU0Doy
2017-01-10 19:09:59,Nové Audi Q8 bude zrejme zo Slovenska https://t.co/1ijYXGajif
2017-01-10 18:39:59,Ako zarobiť na Dieselgate? Američania už na to prišli. Z áut vracajú torzá https://t.co/x33P1BalKC
2017-01-10 18:09:59,Vlhová: Piate miesta nechcem. Túžim po víťazstvách https://t.co/iVR01cA3Xe
2017-01-10 17:39:59,Vegetariáni majú málo železa a žijú dlhšie. Naozaj?  https://t.co/7lohcGdx5M
2017-01-10 17:10:00,Žiaril Ronaldo. Vyniklo i gesto nádeje https://t.co/4H2QOcgnga
2017-01-10 14:10:01,Známka alebo slovné hodnotenie žiaka? https://t.co/D19Owt41BU
2017-01-10 12:09:59,Slovensko je v polčase zápasu s vtáčou chrípkou https://t.co/ZDAXRVgXpC
2017-01-10 11:40:00,Bosch: Autá budúcnosti vás spoja s vaším domovom https://t.co/0bRirZsn1P
